symbol,timeframe,fold,train_start,train_end,test_start,test_end,selection_objective,condition,condition_size,train_condition,train_condition_size,train_tp_rate,train_sl_rate,train_lookahead_steps,train_reward_risk,train_condition_rate_pct,train_entry_count,train_tp_count,train_sl_count,train_time_exit_count,train_tp_rate_pct,train_sl_rate_pct,train_time_exit_rate_pct,train_avg_gross_return,train_avg_net_return,train_trade_count,train_total_pnl,train_avg_pnl,train_win_rate,train_gross_profit,train_gross_loss,train_profit_factor,train_final_equity,train_total_return,train_sim_tp_count,train_sim_sl_count,train_sim_time_exit_count,test_tp_rate,test_sl_rate,test_lookahead_steps,test_reward_risk,test_condition_rate_pct,test_entry_count,test_tp_count,test_sl_count,test_time_exit_count,test_tp_rate_pct,test_sl_rate_pct,test_time_exit_rate_pct,test_avg_gross_return,test_avg_net_return,test_trade_count,test_total_pnl,test_avg_pnl,test_win_rate,test_gross_profit,test_gross_loss,test_profit_factor,test_final_equity,test_total_return,test_sim_tp_count,test_sim_sl_count,test_sim_time_exit_count
BTCUSDT,15m,1,2024-12-12 22:00:00+00:00,2025-02-02 23:45:00+00:00,2025-02-03 00:00:00+00:00,2025-02-13 09:45:00+00:00,total_pnl,55 <= rsi_14 < 65 AND volume_zscore_24 > 1,2,55 <= rsi_14 < 65 AND volume_zscore_24 > 1,2,0.03,0.008,72,3.75,2.34,117,21,57,39,17.94871794871795,48.717948717948715,33.33333333333333,0.0040369674453964825,0.002836967445396483,56,128.72756578701683,2.298706531911015,37.5,422.919878436394,294.1923126493772,1.4375626427072425,10128.727565787016,1.2872756578701592,11,31,14,0.03,0.008,72,3.75,3.1,31,2,28,1,6.451612903225806,90.32258064516128,3.225806451612903,-0.005065849076469806,-0.006265849076469806,11,-48.195324399794686,-4.3813931272540625,18.181818181818183,34.51506152020522,82.71038591999991,0.41730021128893385,9951.804675600206,-0.4819532439979412,1,9,1
BTCUSDT,15m,2,2024-12-23 08:00:00+00:00,2025-02-13 09:45:00+00:00,2025-02-13 10:00:00+00:00,2025-02-23 19:45:00+00:00,total_pnl,rolling_std_24 > q75 AND 35 <= rsi_14 < 45,2,rolling_std_24 > q75 AND 35 <= rsi_14 < 45,2,0.03,0.01,48,3.0,5.3,265,49,133,83,18.49056603773585,50.18867924528302,31.32075471698113,0.0032087697489477547,0.002008769748947755,67,123.29716181411516,1.8402561464793308,43.28358208955223,529.6517225187284,406.3545607046133,1.3034226110328861,10123.2971618141,1.2329716181410004,15,34,18,0.03,0.01,48,3.0,0.8,8,0,7,1,0.0,87.5,12.5,-0.008591267315592918,-0.009791267315592917,3,-22.306589101363556,-7.435529700454519,33.33333333333333,0.06869809863644605,22.375287200000002,0.0030702666751220983,9977.693410898635,-0.2230658910136481,0,2,1
BTCUSDT,15m,3,2025-01-02 18:00:00+00:00,2025-02-23 19:45:00+00:00,2025-02-23 20:00:00+00:00,2025-03-06 05:45:00+00:00,total_pnl,volume_zscore_24 <= q25 AND 65 <= rsi_14 < 100,2,volume_zscore_24 <= q25 AND 65 <= rsi_14 < 100,2,0.01,0.015,48,0.6666666666666667,4.24,212,96,31,85,45.28301886792453,14.622641509433961,40.09433962264151,0.0022691370431449963,0.0010691370431449964,66,107.85867058545739,1.6342222815978393,60.60606060606061,322.67705594977406,214.81838536431667,1.502092362357797,10107.858670585472,1.078586705854723,35,10,21,0.01,0.015,48,0.6666666666666667,6.0,60,32,21,7,53.333333333333336,35.0,11.666666666666666,0.00020334663437879093,-0.000996653365621209,21,-35.43388728375828,-1.6873279658932514,57.14285714285714,97.53565984778129,132.96954713153957,0.7335187789373648,9964.566112716248,-0.35433887283752485,11,8,2
BTCUSDT,15m,4,2025-01-13 04:00:00+00:00,2025-03-06 05:45:00+00:00,2025-03-06 06:00:00+00:00,2025-03-16 15:45:00+00:00,total_pnl,rolling_std_24 > q75 AND volume_zscore_24 <= q25,2,rolling_std_24 > q75 AND volume_zscore_24 <= q25,2,0.03,0.006,96,5.0,6.2,310,66,216,28,21.29032258064516,69.6774193548387,9.032258064516128,0.0037454763828782124,0.0025454763828782123,63,142.37833423910422,2.2599735593508608,30.158730158730158,458.8457892791057,316.4674550400015,1.4498988188883675,10142.378334239114,1.4237833423911435,13,44,6,0.03,0.006,96,5.0,10.9,109,10,97,2,9.174311926605505,88.9908256880734,1.834862385321101,-0.002545730336998561,-0.003745730336998561,22,-6.347486548564234,-0.2885221158438288,22.727272727272727,115.92403017143647,122.2715167200007,0.9480869566450226,9993.65251345144,-0.06347486548560483,4,17,1
BTCUSDT,15m,5,2025-01-23 14:00:00+00:00,2025-03-16 15:45:00+00:00,2025-03-16 16:00:00+00:00,2025-03-27 01:45:00+00:00,total_pnl,rolling_std_24 > q75 AND volume_zscore_24 <= q25,2,rolling_std_24 > q75 AND volume_zscore_24 <= q25,2,0.03,0.01,48,3.0,6.54,327,57,191,79,17.431192660550458,58.40978593272171,24.159021406727827,0.0011953788337112424,-4.621166288757512e-06,57,148.31847519109135,2.6020785121244097,45.614035087719294,495.13542679109037,346.816951599999,1.4276563602408752,10148.31847519108,1.4831847519107941,12,31,14,0.03,0.01,48,3.0,0.8,8,0,0,8,0.0,0.0,100.0,0.00011966873888159449,-0.0010803312611184055,1,-0.9706512321682794,-0.9706512321682794,0.0,0.0,0.9706512321682794,0.0,9999.029348767832,-0.009706512321681657,0,0,1
BTCUSDT,15m,6,2025-02-03 00:00:00+00:00,2025-03-27 01:45:00+00:00,2025-03-27 02:00:00+00:00,2025-04-06 11:45:00+00:00,total_pnl,rolling_std_24 between q50-q75 AND rsi_14 between q25-q50,2,rolling_std_24 between q50-q75 AND rsi_14 between q25-q50,2,0.02,0.015,72,1.3333333333333335,6.2,310,79,136,95,25.483870967741932,43.87096774193549,30.64516129032258,0.00012535542110185085,-0.001074644578898149,55,158.0871683371431,2.8743121515844203,56.36363636363636,466.0842420506209,307.9970737134778,1.5132749036577138,10158.087168337148,1.5808716833714789,19,18,18,0.02,0.015,72,1.3333333333333335,5.7,57,28,17,12,49.122807017543856,29.82456140350877,21.052631578947366,0.006689459184441677,0.0054894591844416776,9,-6.856918041940958,-0.7618797824378842,55.55555555555556,49.42675162229955,56.283669664240506,0.8781721575219631,9993.143081958058,-0.06856918041941754,2,3,4
BTCUSDT,15m,7,2025-02-13 10:00:00+00:00,2025-04-06 11:45:00+00:00,2025-04-06 12:00:00+00:00,2025-04-16 21:45:00+00:00,total_pnl,atr_14 between q50-q75 AND volume_zscore_24 between q50-q75,2,atr_14 between q50-q75 AND volume_zscore_24 between q50-q75,2,0.03,0.01,96,3.0,6.239999999999999,312,59,191,62,18.91025641025641,61.21794871794872,19.871794871794872,0.0015587257163148399,0.00035872571631483997,55,158.54098138268625,2.882563297867023,43.63636363636363,482.80576699734775,324.2647856146615,1.4889244482164883,10158.540981382672,1.5854098138267183,13,28,14,0.03,0.01,96,3.0,9.6,96,14,70,12,14.583333333333334,72.91666666666666,12.5,-0.0010352681956207913,-0.002235268195620791,14,-27.14625137972746,-1.9390179556948186,28.57142857142857,84.73018462027278,111.87643600000024,0.7573550575053409,9972.85374862027,-0.2714625137973053,2,10,2
BTCUSDT,15m,8,2025-02-23 20:00:00+00:00,2025-04-16 21:45:00+00:00,2025-04-16 22:00:00+00:00,2025-04-27 07:45:00+00:00,total_pnl,volume_zscore_24 between q25-q50 AND rsi_14 > q75,2,volume_zscore_24 between q25-q50 AND rsi_14 > q75,2,0.02,0.01,48,2.0,5.52,276,92,119,65,33.33333333333333,43.11594202898551,23.55072463768116,0.002992781534990571,0.001792781534990571,81,212.3744208044344,2.6219064296843753,49.382716049382715,601.1341912756376,388.7597704712032,1.546287031055251,10212.374420804434,2.1237442080443363,28,32,21,0.02,0.01,48,2.0,5.6000000000000005,56,14,17,25,25.0,30.357142857142854,44.642857142857146,0.003412344366553883,0.0022123443665538834,13,62.26912016675476,4.789932320519597,61.53846153846154,108.22636359533749,45.95724342858273,2.354935925683197,10062.269120166755,0.6226912016675488,4,4,5
BTCUSDT,15m,9,2025-03-06 06:00:00+00:00,2025-04-27 07:45:00+00:00,2025-04-27 08:00:00+00:00,2025-05-07 17:45:00+00:00,total_pnl,volume_zscore_24 between q25-q50 AND 55 <= rsi_14 < 65,2,volume_zscore_24 between q25-q50 AND 55 <= rsi_14 < 65,2,0.02,0.015,96,1.3333333333333335,6.0600000000000005,303,111,120,72,36.633663366336634,39.603960396039604,23.762376237623762,0.0013399040653285454,0.00013990406532854546,68,242.8345766830638,3.5710967159274087,54.41176470588235,632.380616907702,389.5460402246382,1.6233783727926723,10242.834576683073,2.4283457668307347,32,21,15,0.02,0.015,96,1.3333333333333335,5.6000000000000005,56,16,13,27,28.57142857142857,23.214285714285715,48.214285714285715,0.0018665881731582022,0.0006665881731582023,10,1.2806569610345377,0.12806569610345378,50.0,53.15712472264113,51.87646776160659,1.0246866646148631,10001.280656961037,0.01280656961036584,2,2,6
BTCUSDT,15m,10,2025-03-16 16:00:00+00:00,2025-05-07 17:45:00+00:00,2025-05-07 18:00:00+00:00,2025-05-18 03:45:00+00:00,total_pnl,volume_zscore_24 <= 0 AND rsi_14 between q50-q75,2,volume_zscore_24 <= 0 AND rsi_14 between q50-q75,2,0.02,0.015,96,1.3333333333333335,18.18,909,300,320,289,33.003300330033,35.203520352035206,31.79317931793179,0.0012346483345466873,3.4648334546687415e-05,74,211.89231509451497,2.8634096634393913,56.75675675675676,628.8396411791929,416.9473260846779,1.5081992420584123,10211.892315094525,2.1189231509452475,30,21,23,0.02,0.015,96,1.3333333333333335,19.1,190,36,42,112,18.947368421052634,22.105263157894736,58.94736842105262,0.0006297707441112002,-0.0005702292558887997,13,49.09931564503256,3.776870434233274,46.15384615384615,112.65820319999989,63.55888755496733,1.77250118014684,10049.099315645033,0.4909931564503313,6,3,4
BTCUSDT,15m,11,2025-03-27 02:00:00+00:00,2025-05-18 03:45:00+00:00,2025-05-18 04:00:00+00:00,2025-05-28 13:45:00+00:00,total_pnl,rolling_std_24 > q75 AND volume_zscore_24 > q75,2,rolling_std_24 > q75 AND volume_zscore_24 > q75,2,0.02,0.012,72,1.6666666666666667,4.92,246,99,104,43,40.243902439024396,42.27642276422765,17.479674796747968,0.003846029033435585,0.0026460290334355853,65,273.7548577544885,4.2116131962229,56.92307692307692,616.6970704767685,342.94221272228003,1.7982536054147975,10273.754857754484,2.73754857754484,30,25,10,0.02,0.012,72,1.6666666666666667,5.1,51,14,23,14,27.450980392156865,45.09803921568628,27.450980392156865,0.000672978426923262,-0.0005270215730767379,11,10.083839527487157,0.9167126843170142,45.45454545454545,80.43157352305423,70.34773399556707,1.1433427767285664,10010.083839527486,0.10083839527485906,4,5,2
BTCUSDT,15m,12,2025-04-06 12:00:00+00:00,2025-05-28 13:45:00+00:00,2025-05-28 14:00:00+00:00,2025-06-07 23:45:00+00:00,total_pnl,volume_zscore_24 > q75 AND rsi_14 <= q25,2,volume_zscore_24 > q75 AND rsi_14 <= q25,2,0.03,0.012,96,2.5,8.0,399,78,140,181,19.548872180451127,35.08771929824561,45.363408521303256,0.004820932606851871,0.003620932606851871,63,254.95836693889805,4.046958205379334,57.14285714285714,592.9912309029014,338.03286396400335,1.754241359698234,10254.95836693888,2.5495836693887943,15,23,25,0.03,0.012,96,2.5,9.0,90,4,37,49,4.444444444444445,41.11111111111111,54.44444444444444,-0.0009155438489574151,-0.002115543848957415,13,-31.503550773161578,-2.4233500594739676,38.46153846153847,60.22807135310745,91.73162212626903,0.6565682581106351,9968.496449226837,-0.31503550773162714,1,6,6
BTCUSDT,15m,13,2025-04-16 22:00:00+00:00,2025-06-07 23:45:00+00:00,2025-06-08 00:00:00+00:00,2025-06-18 09:45:00+00:00,total_pnl,atr_14 > q75 AND volume_zscore_24 between q25-q50,2,atr_14 > q75 AND volume_zscore_24 between q25-q50,2,0.03,0.012,96,2.5,7.08,354,67,144,143,18.926553672316384,40.67796610169492,40.3954802259887,0.0033381822766179277,0.002138182276617928,50,204.34871007178538,4.086974201435708,54.0,467.67141610375995,263.3227060319746,1.7760390782516562,10204.348710071774,2.043487100717739,11,19,20,0.03,0.012,96,2.5,6.0,60,0,26,34,0.0,43.333333333333336,56.666666666666664,-0.0024449961272301835,-0.003644996127230183,9,-30.564310495784298,-3.3960344995315888,44.44444444444444,35.36191110421612,65.92622160000042,0.5363861335595774,9969.435689504211,-0.3056431049578896,0,5,4
BTCUSDT,15m,14,2025-04-27 08:00:00+00:00,2025-06-18 09:45:00+00:00,2025-06-18 10:00:00+00:00,2025-06-28 19:45:00+00:00,total_pnl,volume_zscore_24 > 0 AND 35 <= rsi_14 < 45,2,volume_zscore_24 > 0 AND 35 <= rsi_14 < 45,2,0.03,0.015,96,2.0,5.86,293,41,94,158,13.993174061433447,32.081911262798634,53.92491467576792,0.0013540177409864806,0.00015401774098648072,53,166.88286583385639,3.1487333176199317,52.83018867924528,463.3103168543312,296.4274510204748,1.56298047046368,10166.88286583385,1.668828658338498,10,15,28,0.03,0.015,96,2.0,7.3,73,5,22,46,6.8493150684931505,30.136986301369863,63.013698630136986,-0.0011245539801503198,-0.0023245539801503195,12,11.245562180254524,0.937130181687877,50.0,80.3940503949591,69.14848821470457,1.1626291835236844,10011.245562180255,0.11245562180254637,2,4,6
BTCUSDT,15m,15,2025-05-07 18:00:00+00:00,2025-06-28 19:45:00+00:00,2025-06-28 20:00:00+00:00,2025-07-09 05:45:00+00:00,total_pnl,volume_zscore_24 > 0 AND rsi_14 between q25-q50,2,volume_zscore_24 > 0 AND rsi_14 between q25-q50,2,0.03,0.01,48,3.0,6.419999999999999,321,17,87,217,5.29595015576324,27.102803738317753,67.601246105919,0.0016052528645427915,0.00040525286454279157,79,188.58009671087177,2.387089831783187,50.63291139240506,493.73573115433567,305.1556344434639,1.6179800581260773,10188.580096710859,1.8858009671085894,8,20,51,0.03,0.01,48,3.0,8.0,80,0,14,66,0.0,17.5,82.5,0.0011806369480998203,-1.9363051900179572e-05,18,5.497042191999526,0.30539123288886255,50.0,64.15976742331327,58.66272523131374,1.0937058783124047,10005.497042191999,0.05497042191998844,0,3,15
BTCUSDT,15m,16,2025-05-18 04:00:00+00:00,2025-07-09 05:45:00+00:00,2025-07-09 06:00:00+00:00,2025-07-19 15:45:00+00:00,total_pnl,volume_zscore_24 between q25-q50 AND rsi_14 <= q25,2,volume_zscore_24 between q25-q50 AND rsi_14 <= q25,2,0.03,0.012,96,2.5,5.680000000000001,284,27,124,133,9.507042253521126,43.66197183098591,46.83098591549296,-0.00043333794215979376,-0.0016333379421597937,57,124.0494071175068,2.176305388026435,50.877192982456144,419.28817613680064,295.23876901929384,1.4201663878005133,10124.049407117494,1.2404940711749441,9,20,28,0.03,0.012,96,2.5,3.2,32,4,8,20,12.5,25.0,62.5,0.008414653586470835,0.007214653586470835,9,48.83744422601751,5.4263826917797235,55.55555555555556,101.57842150601743,52.740977279999925,1.9259867136466073,10048.837444226014,0.48837444226013754,2,4,3
BTCUSDT,15m,17,2025-05-28 14:00:00+00:00,2025-07-19 15:45:00+00:00,2025-07-19 16:00:00+00:00,2025-07-30 01:45:00+00:00,total_pnl,volume_zscore_24 between q50-q75 AND 65 <= rsi_14 < 100,2,volume_zscore_24 between q50-q75 AND 65 <= rsi_14 < 100,2,0.02,0.015,48,1.3333333333333335,5.6000000000000005,280,53,46,181,18.928571428571427,16.428571428571427,64.64285714285715,0.0024793750823191595,0.0012793750823191596,58,152.10830861984152,2.6225570451696814,50.0,314.1008863758308,161.99257775598926,1.9389831974213256,10152.108308619843,1.5210830861984321,11,5,42,0.02,0.015,48,1.3333333333333335,3.6999999999999997,37,0,14,23,0.0,37.83783783783784,62.16216216216216,-0.005822578681762894,-0.007022578681762893,11,-44.752369274895614,-4.068397206808692,45.45454545454545,11.415326258762775,56.16769553365839,0.2032365072183202,9955.247630725109,-0.4475236927489096,0,2,9
BTCUSDT,15m,18,2025-06-08 00:00:00+00:00,2025-07-30 01:45:00+00:00,2025-07-30 02:00:00+00:00,2025-08-09 11:45:00+00:00,total_pnl,volume_zscore_24 > 0 AND 35 <= rsi_14 < 45,2,volume_zscore_24 > 0 AND 35 <= rsi_14 < 45,2,0.03,0.008,96,3.75,6.4,320,22,156,142,6.875000000000001,48.75,44.375,0.0008994076970756304,-0.00030059230292436953,62,142.9285814497722,2.3052997008027774,50.0,400.13063908497793,257.20205763520573,1.5557054355004047,10142.928581449767,1.4292858144976708,8,27,27,0.03,0.008,96,3.75,7.1,71,0,45,26,0.0,63.38028169014085,36.61971830985916,-0.002266741310918264,-0.003466741310918264,13,-66.5906421613405,-5.122357089333884,15.384615384615385,24.465281456103412,91.05592361744391,0.26868412821652504,9933.40935783866,-0.6659064216133993,0,9,4
BTCUSDT,15m,19,2025-06-18 10:00:00+00:00,2025-08-09 11:45:00+00:00,2025-08-09 12:00:00+00:00,2025-08-19 21:45:00+00:00,total_pnl,rolling_std_24 > q75 AND rsi_14 between q25-q50,2,rolling_std_24 > q75 AND rsi_14 between q25-q50,2,0.01,0.01,72,1.0,6.140000000000001,307,145,101,61,47.23127035830619,32.89902280130293,19.86970684039088,0.0016954905436113706,0.0004954905436113707,57,124.31635317951725,2.1809886522722324,66.66666666666666,314.6694393899121,190.35308621039485,1.6530829399955826,10124.316353179534,1.2431635317953442,33,16,8,0.01,0.01,72,1.0,5.4,54,27,13,14,50.0,24.074074074074073,25.925925925925924,0.003131663011653593,0.001931663011653593,12,5.12111662495613,0.42675971874634416,50.0,52.73018159999992,47.60906497504379,1.107565998778606,10005.12111662496,0.0512111662495954,6,4,2
BTCUSDT,15m,20,2025-06-28 20:00:00+00:00,2025-08-19 21:45:00+00:00,2025-08-19 22:00:00+00:00,2025-08-30 07:45:00+00:00,total_pnl,volume_zscore_24 between q25-q50 AND 35 <= rsi_14 < 45,2,volume_zscore_24 between q25-q50 AND 35 <= rsi_14 < 45,2,0.02,0.01,72,2.0,5.319999999999999,266,48,85,133,18.045112781954884,31.954887218045116,50.0,0.0030713121134895703,0.0018713121134895704,67,119.54438351909005,1.7842445301356724,55.223880597014926,367.43459089862733,247.8902073795373,1.482247301266158,10119.544383519089,1.1954438351908903,10,19,38,0.02,0.01,72,2.0,5.4,54,0,29,25,0.0,53.70370370370371,46.2962962962963,-0.0029231177345408715,-0.004123117734540872,14,-51.71470074911372,-3.6939071963652657,35.714285714285715,37.90939324656688,89.6240939956806,0.4229821642425073,9948.285299250885,-0.5171470074911485,0,8,6
BTCUSDT,15m,24,2025-08-09 12:00:00+00:00,2025-09-30 13:45:00+00:00,2025-09-30 14:00:00+00:00,2025-10-10 23:45:00+00:00,total_pnl,volume_zscore_24 between q50-q75 AND 55 <= rsi_14 < 65,2,volume_zscore_24 between q50-q75 AND 55 <= rsi_14 < 65,2,0.03,0.012,72,2.5,5.08,254,19,69,166,7.480314960629922,27.165354330708663,65.35433070866141,0.0015070704231052207,0.0003070704231052208,50,104.98566648475332,2.0997133296950663,52.0,281.79283824800245,176.80717176324913,1.5937862442895288,10104.985666484748,1.0498566648474843,4,9,37,0.03,0.012,72,2.5,3.8,38,4,10,24,10.526315789473683,26.31578947368421,63.1578947368421,0.005692000527841468,0.004492000527841468,9,47.97551568933591,5.330612854370656,66.66666666666666,76.04413170540306,28.068616016067153,2.7092227013214174,10047.975515689337,0.47975515689337045,1,2,6
BTCUSDT,15m,25,2025-08-19 22:00:00+00:00,2025-10-10 23:45:00+00:00,2025-10-11 00:00:00+00:00,2025-10-21 09:45:00+00:00,total_pnl,volume_zscore_24 between q50-q75 AND 55 <= rsi_14 < 65,2,volume_zscore_24 between q50-q75 AND 55 <= rsi_14 < 65,2,0.02,0.012,72,1.6666666666666667,4.4799999999999995,224,34,58,132,15.178571428571427,25.892857142857146,58.92857142857143,0.001512203277895082,0.0003122032778950822,52,106.20451228360378,2.04239446699238,51.92307692307693,312.5891349539286,206.3846226703248,1.5145950842144524,10106.204512283603,1.0620451228360253,10,12,30,0.02,0.012,72,1.6666666666666667,3.5999999999999996,36,10,20,6,27.77777777777778,55.55555555555556,16.666666666666664,-0.0007202333682852783,-0.001920233368285278,15,-78.65658725308481,-5.243772483538987,26.666666666666668,53.28748127597191,131.94406852905672,0.40386416661266544,9921.343412746912,-0.7865658725308823,2,10,3
BTCUSDT,15m,26,2025-08-30 08:00:00+00:00,2025-10-21 09:45:00+00:00,2025-10-21 10:00:00+00:00,2025-10-31 19:45:00+00:00,total_pnl,volume_zscore_24 > q75 AND 35 <= rsi_14 < 45,2,volume_zscore_24 > q75 AND 35 <= rsi_14 < 45,2,0.02,0.012,72,1.6666666666666667,4.3999999999999995,220,47,91,82,21.363636363636363,41.36363636363637,37.27272727272727,0.0007545965010458385,-0.00044540349895416144,60,146.3693764261294,2.4394896071021566,55.00000000000001,431.6787023943551,285.3093259682257,1.5130199509932256,10146.369376426124,1.4636937642612429,17,18,25,0.02,0.012,72,1.6666666666666667,3.9,39,9,16,14,23.076923076923077,41.02564102564102,35.8974358974359,0.0024893433841939013,0.0012893433841939014,13,19.38648128421744,1.4912677910936492,61.53846153846154,85.31270288421763,65.92622160000019,1.2940632848920524,10019.386481284215,0.19386481284214824,3,5,5
BTCUSDT,15m,27,2025-09-09 18:00:00+00:00,2025-10-31 19:45:00+00:00,2025-10-31 20:00:00+00:00,2025-11-11 05:45:00+00:00,total_pnl,volume_zscore_24 > q75 AND 35 <= rsi_14 < 45,2,volume_zscore_24 > q75 AND 35 <= rsi_14 < 45,2,0.02,0.012,96,1.6666666666666667,4.58,229,62,103,64,27.074235807860266,44.97816593886463,27.947598253275107,0.0009355043398720345,-0.00026449566012796543,60,163.15846538769915,2.7193077564616526,53.333333333333336,487.80743058799374,324.6489652002946,1.502568875545429,10163.15846538769,1.6315846538769072,24,24,12,0.02,0.012,96,1.6666666666666667,5.2,52,11,29,12,21.153846153846153,55.769230769230774,23.076923076923077,-0.001994267757312404,-0.0031942677573124035,15,-20.729457125219255,-1.3819638083479504,40.0,97.9377417547812,118.66719888000046,0.8253143470068637,9979.270542874778,-0.20729457125222328,5,9,1
BTCUSDT,15m,32,2025-10-31 20:00:00+00:00,2025-12-22 21:45:00+00:00,2025-12-22 22:00:00+00:00,2026-01-02 07:45:00+00:00,total_pnl,volume_zscore_24 > 0 AND 65 <= rsi_14 < 100,2,volume_zscore_24 > 0 AND 65 <= rsi_14 < 100,2,0.03,0.008,48,3.75,6.4399999999999995,322,39,182,101,12.111801242236025,56.52173913043478,31.366459627329192,0.0012307353078497443,3.0735307849744445e-05,62,119.16798140474236,1.922064216205522,40.32258064516129,392.9040232727933,273.73604186805096,1.4353390243809578,10119.167981404742,1.1916798140474203,8,27,27,0.03,0.008,48,3.75,9.1,91,0,49,42,0.0,53.84615384615385,46.15384615384615,-0.0030866945732386424,-0.004286694573238642,13,-33.65819003378124,-2.589091541060095,30.76923076923077,17.96613699182626,51.6243270256075,0.34801687551131505,9966.341809966216,-0.33658190033784197,0,4,9
BTCUSDT,15m,33,2025-11-11 06:00:00+00:00,2026-01-02 07:45:00+00:00,2026-01-02 08:00:00+00:00,2026-01-12 17:45:00+00:00,total_pnl,volume_zscore_24 between q50-q75 AND 45 <= rsi_14 < 55,2,volume_zscore_24 between q50-q75 AND 45 <= rsi_14 < 55,2,0.03,0.006,24,5.0,5.7,285,18,121,146,6.315789473684211,42.45614035087719,51.2280701754386,0.0015693545274186012,0.0003693545274186013,129,178.24912118815223,1.3817761332414902,42.63565891472868,602.0763698056307,423.8272486174785,1.4205702247073533,10178.249121188164,1.7824912118816427,9,53,67,0.03,0.006,24,5.0,3.9,39,0,10,29,0.0,25.64102564102564,74.35897435897436,0.0023207465035907323,0.0011207465035907324,19,3.706747451501883,0.19509197113167806,52.63157894736842,41.61231688786779,37.90556943636591,1.0977889926630595,10003.7067474515,0.037067474515006325,0,4,15
BTCUSDT,15m,34,2025-11-21 16:00:00+00:00,2026-01-12 17:45:00+00:00,2026-01-12 18:00:00+00:00,2026-01-23 03:45:00+00:00,total_pnl,volume_zscore_24 between q50-q75 AND 45 <= rsi_14 < 55,2,volume_zscore_24 between q50-q75 AND 45 <= rsi_14 < 55,2,0.03,0.006,48,5.0,5.5,275,23,123,129,8.363636363636363,44.72727272727273,46.909090909090914,0.003058066488279021,0.001858066488279021,93,231.34847093616338,2.4876179670555203,39.784946236559136,571.6325564075307,340.28408547136735,1.6798686180568672,10231.348470936176,2.3134847093617643,10,43,40,0.03,0.006,48,5.0,4.3999999999999995,44,2,28,14,4.545454545454546,63.63636363636363,31.818181818181817,-0.0011077077203627225,-0.0023077077203627226,19,-31.51496185768349,-1.6586822030359731,26.31578947368421,44.270334450835776,75.78529630851926,0.5841546659738956,9968.48503814232,-0.31514961857679735,1,10,8
BTCUSDT,15m,35,2025-12-02 02:00:00+00:00,2026-01-23 03:45:00+00:00,2026-01-23 04:00:00+00:00,2026-02-02 13:45:00+00:00,total_pnl,rsi_14 <= q25 AND volume_zscore_24 > 2,2,rsi_14 <= q25 AND volume_zscore_24 > 2,2,0.02,0.008,96,2.5,2.9000000000000004,145,38,85,22,26.20689655172414,58.620689655172406,15.172413793103448,0.001409193578786534,0.0002091935787865342,61,181.02374516066425,2.9676023796830204,47.540983606557376,462.3564538632096,281.33270870254535,1.643450759762391,10181.023745160668,1.8102374516066813,23,30,8,0.02,0.008,96,2.5,3.9,39,4,35,0,10.256410256410255,89.74358974358975,0.0,-0.0051282051282051325,-0.006328205128205132,16,-63.1414558400005,-3.9463409900000315,18.75,56.329101599999944,119.47055744000045,0.47148940129696054,9936.85854416,-0.6314145583999925,3,13,0
BTCUSDT,15m,39,2026-01-12 18:00:00+00:00,2026-03-05 19:45:00+00:00,2026-03-05 20:00:00+00:00,2026-03-16 05:45:00+00:00,total_pnl,atr_14 > q75 AND rsi_14 > q75,2,atr_14 > q75 AND rsi_14 > q75,2,0.02,0.012,24,1.6666666666666667,7.359999999999999,368,97,126,145,26.358695652173914,34.23913043478261,39.40217391304348,0.001103665449277917,-9.633455072208296e-05,54,124.49133171631831,2.3053950317836724,53.70370370370371,387.7211844691883,263.22985275287,1.4729377402083472,10124.491331716314,1.2449133171631366,17,17,20,0.02,0.012,24,1.6666666666666667,4.8,47,7,16,24,14.893617021276595,34.04255319148936,51.06382978723404,0.0013174102663185004,0.00011741026631850054,10,24.27466112811885,2.427466112811885,60.0,77.01563840811923,52.74097728000038,1.4602618756805614,10024.274661128118,0.2427466112811817,3,4,3
BTCUSDT,15m,40,2026-01-23 04:00:00+00:00,2026-03-16 05:45:00+00:00,2026-03-16 06:00:00+00:00,2026-03-26 15:45:00+00:00,total_pnl,rolling_std_24 > q75 AND rsi_14 > q75,2,rolling_std_24 > q75 AND rsi_14 > q75,2,0.02,0.015,24,1.3333333333333335,6.819999999999999,341,99,80,162,29.03225806451613,23.46041055718475,47.50733137829912,0.002591928024442499,0.0013919280244424992,53,175.62062739029852,3.31359674321318,56.60377358490566,422.3836294450539,246.76300205475536,1.7116975637673968,10175.620627390303,1.756206273903026,19,11,23,0.02,0.015,24,1.3333333333333335,3.3000000000000003,33,5,7,21,15.151515151515152,21.21212121212121,63.63636363636363,-0.000899973588290974,-0.002099973588290974,4,2.100835012813832,0.525208753203458,25.0,18.776367199999868,16.675532187186036,1.1259830864305593,10002.100835012814,0.02100835012814059,1,0,3
BTCUSDT,15m,41,2026-02-02 14:00:00+00:00,2026-03-26 15:45:00+00:00,2026-03-26 16:00:00+00:00,2026-04-06 01:45:00+00:00,total_pnl,rolling_std_24 between q50-q75 AND atr_14 > q75,2,rolling_std_24 between q50-q75 AND atr_14 > q75,2,0.02,0.008,72,2.5,5.62,281,105,163,13,37.36654804270463,58.00711743772242,4.6263345195729535,0.0033208604370609904,0.0021208604370609903,52,170.65822451710198,3.2818889330211922,44.230769230769226,431.856445599999,261.198221082897,1.6533667182325098,10170.658224517107,1.7065822451710664,23,28,1,0.02,0.008,72,2.5,1.6,16,0,12,4,0.0,75.0,25.0,-0.004496134659826019,-0.005696134659826019,4,-26.07084413867358,-6.517711034668395,25.0,1.499284501326656,27.570128640000235,0.05438075828022844,9973.929155861326,-0.2607084413867415,0,3,1
BTCUSDT,15m,42,2026-02-13 00:00:00+00:00,2026-04-06 01:45:00+00:00,2026-04-06 02:00:00+00:00,2026-04-16 11:45:00+00:00,total_pnl,rolling_std_24 > q75 AND volume_zscore_24 between q25-q50,2,rolling_std_24 > q75 AND volume_zscore_24 between q25-q50,2,0.03,0.015,48,2.0,6.72,336,63,89,184,18.75,26.488095238095237,54.761904761904766,0.004705114845237192,0.003505114845237192,57,239.50362081185472,4.2018179089799075,54.385964912280706,529.5488999551817,290.045279143327,1.8257456267492052,10239.503620811854,2.395036208118545,11,13,33,0.03,0.015,48,2.0,3.9,39,0,7,32,0.0,17.94871794871795,82.05128205128204,-0.007364562568831266,-0.008564562568831266,6,-46.67415301447966,-7.779025502413276,16.666666666666664,0.06461847922946617,46.73877149370912,0.0013825455219370411,9953.325846985521,-0.46674153014479086,0,2,4
BTCUSDT,15m,43,2026-02-23 10:00:00+00:00,2026-04-16 11:45:00+00:00,2026-04-16 12:00:00+00:00,2026-04-26 21:45:00+00:00,total_pnl,volume_zscore_24 > q75 AND 45 <= rsi_14 < 55,2,volume_zscore_24 > q75 AND 45 <= rsi_14 < 55,2,0.03,0.015,72,2.0,4.08,204,41,87,76,20.098039215686274,42.64705882352941,37.254901960784316,0.0022508963947817594,0.0010508963947817595,62,294.77121011857344,4.7543743567511845,58.06451612903226,643.1962609454575,348.4250508268841,1.8460103813403224,10294.771210118566,2.9477121011856613,18,20,24,0.03,0.015,72,2.0,4.3999999999999995,44,4,9,31,9.090909090909092,20.454545454545457,70.45454545454545,0.0029244858807437896,0.0017244858807437897,13,23.450823671548164,1.8039095131960126,46.15384615384615,94.75690902697932,71.30608535543115,1.3288754887420278,10023.450823671546,0.23450823671546459,2,3,8
BTCUSDT,15m,44,2026-03-05 20:00:00+00:00,2026-04-26 21:45:00+00:00,2026-04-26 22:00:00+00:00,2026-05-07 07:45:00+00:00,total_pnl,volume_zscore_24 > q75 AND 45 <= rsi_14 < 55,2,volume_zscore_24 > q75 AND 45 <= rsi_14 < 55,2,0.03,0.015,72,2.0,4.34,217,33,79,105,15.207373271889402,36.405529953917046,48.38709677419355,0.0022376254166031726,0.0010376254166031727,59,251.79196315436116,4.267660392446799,59.32203389830508,536.602574372437,284.8106112180758,1.8840680551805962,10251.791963154355,2.517919631543555,13,15,31,0.03,0.015,72,2.0,3.3000000000000003,33,2,9,22,6.0606060606060606,27.27272727272727,66.66666666666666,0.004931715717647584,0.0037317157176475846,11,40.03857636390683,3.6398705785369843,63.63636363636363,88.68949560863928,48.65091924473245,1.822976769719349,10040.038576363908,0.4003857636390785,1,3,7
BTCUSDT,1h,1,2020-09-03 22:00:00+00:00,2021-03-31 05:00:00+00:00,2021-03-31 06:00:00+00:00,2021-05-11 21:00:00+00:00,total_pnl,volume_zscore_24 <= 0 AND rsi_14 > q75,2,volume_zscore_24 <= 0 AND rsi_14 > q75,2,0.03,0.015,48,2.0,14.7,735,313,366,56,42.585034013605444,49.795918367346935,7.6190476190476195,0.005722534043073359,0.004522534043073359,180,861.8131665614162,4.787850925341202,47.77777777777778,2342.336186159716,1480.5230195982986,1.5821004841891941,10861.813166561387,8.618131665613873,80,91,9,0.03,0.015,48,2.0,11.0,110,26,80,4,23.636363636363637,72.72727272727273,3.6363636363636362,-0.003857536086935224,-0.005057536086935224,24,-105.49253774408896,-4.395522406003707,25.0,172.58622479999963,278.0787625440886,0.6206379200663933,9894.50746225591,-1.0549253774409044,6,17,1
BTCUSDT,1h,2,2020-10-15 14:00:00+00:00,2021-05-11 21:00:00+00:00,2021-05-11 22:00:00+00:00,2021-06-22 13:00:00+00:00,total_pnl,volume_zscore_24 <= 0 AND rsi_14 > q75,2,volume_zscore_24 <= 0 AND rsi_14 > q75,2,0.03,0.015,48,2.0,14.38,719,312,394,13,43.39360222531293,54.79833101529903,1.808066759388039,0.0048925829946769,0.0036925829946769005,185,695.7348080044986,3.7607286919162086,44.32432432432433,2337.566082617718,1641.8312746132183,1.4237553631498465,10695.734808004469,6.957348080044685,81,101,3,0.03,0.015,48,2.0,9.0,90,34,56,0,37.77777777777778,62.22222222222222,0.0,0.001999999999999997,0.0007999999999999971,36,-133.07907239999963,-3.6966408999999896,27.77777777777778,287.6437080000003,420.7227803999999,0.6836894064222636,9866.920927599997,-1.330790724000035,10,26,0
BTCUSDT,1h,3,2020-11-26 06:00:00+00:00,2021-06-22 13:00:00+00:00,2021-06-22 14:00:00+00:00,2021-08-03 05:00:00+00:00,total_pnl,volume_zscore_24 between q50-q75 AND 65 <= rsi_14 < 100,2,volume_zscore_24 between q50-q75 AND 65 <= rsi_14 < 100,2,0.03,0.015,48,2.0,5.92,296,124,171,1,41.891891891891895,57.770270270270274,0.33783783783783783,0.003920582748621945,0.0027205827486219457,139,467.9801713770778,3.366763822856675,43.884892086330936,1730.148512577078,1262.1683412000002,1.3707747660127079,10467.980171377056,4.679801713770558,60,78,1,0.03,0.015,48,2.0,5.8999999999999995,59,22,37,0,37.28813559322034,62.71186440677966,0.0,0.0017796610169491516,0.0005796610169491517,25,134.81105940000032,5.392442376000012,48.0,345.17244960000016,210.36139019999985,1.6408545754134325,10134.811059399995,1.3481105939999543,12,13,0
BTCUSDT,1h,4,2021-01-06 22:00:00+00:00,2021-08-03 05:00:00+00:00,2021-08-03 06:00:00+00:00,2021-09-13 21:00:00+00:00,total_pnl,volume_zscore_24 between q50-q75 AND 65 <= rsi_14 < 100,2,volume_zscore_24 between q50-q75 AND 65 <= rsi_14 < 100,2,0.03,0.015,48,2.0,5.56,278,108,170,0,38.84892086330935,61.15107913669065,0.0,0.0024820143884892103,0.0012820143884892104,129,429.5446505999993,3.3298034930232503,43.41085271317829,1610.8047648,1181.2601142000008,1.363632569521663,10429.544650599979,4.29544650599979,56,73,0,0.03,0.015,48,2.0,5.1,51,16,34,1,31.372549019607842,66.66666666666666,1.9607843137254901,-0.0005969372092067884,-0.0017969372092067884,20,5.527945527890324,0.2763972763945162,35.0,201.35059560000013,195.8226500721098,1.028229346941504,10005.527945527887,0.055279455278869134,7,12,1
BTCUSDT,1h,5,2021-02-17 14:00:00+00:00,2021-09-13 21:00:00+00:00,2021-09-13 22:00:00+00:00,2021-10-25 13:00:00+00:00,total_pnl,volume_zscore_24 between q25-q50 AND 45 <= rsi_14 < 55,2,volume_zscore_24 between q25-q50 AND 45 <= rsi_14 < 55,2,0.015,0.015,48,1.0,6.08,303,191,111,1,63.03630363036304,36.633663366336634,0.33003300330033003,0.003956231815765969,0.002756231815765969,180,383.3450159999894,2.1296945333332746,61.111111111111114,1516.0601939999906,1132.7151780000013,1.3384301927311058,10383.34501600004,3.8334501600003934,110,70,0,0.015,0.015,48,1.0,5.5,55,20,35,0,36.36363636363637,63.63636363636363,0.0,-0.004090909090909092,-0.005290909090909092,26,-91.11866160000045,-3.504563907692325,42.30769230769231,151.60601939999935,242.7246809999998,0.6246007566078519,9908.881338400004,-0.911186615999959,11,15,0
BTCUSDT,1h,6,2021-03-31 06:00:00+00:00,2021-10-25 13:00:00+00:00,2021-10-25 14:00:00+00:00,2021-12-06 05:00:00+00:00,total_pnl,volume_zscore_24 > q75 AND rsi_14 > q75,2,volume_zscore_24 > q75 AND rsi_14 > q75,2,0.03,0.015,72,2.0,6.02,300,118,179,3,39.33333333333333,59.66666666666667,1.0,0.0028921670525465753,0.0016921670525465754,113,442.7052669265663,3.917745725013861,45.13274336283185,1445.9672817265673,1003.2620148000011,1.4412658511892518,10442.705266926549,4.4270526692654855,50,62,1,0.03,0.015,72,2.0,5.4,54,16,38,0,29.629629629629626,70.37037037037037,0.0,-0.0016666666666666685,-0.0028666666666666684,19,-127.66719780000005,-6.719326200000003,21.052631578947366,115.05748319999975,242.7246809999998,0.47402465511943487,9872.332802199999,-1.2766719780000129,4,15,0
BTCUSDT,1h,7,2021-05-11 22:00:00+00:00,2021-12-06 05:00:00+00:00,2021-12-06 06:00:00+00:00,2022-01-16 21:00:00+00:00,total_pnl,volume_zscore_24 > 0 AND 65 <= rsi_14 < 100,2,volume_zscore_24 > 0 AND 65 <= rsi_14 < 100,2,0.03,0.006,72,5.0,7.580000000000001,379,82,297,0,21.63588390501319,78.3641160949868,0.0,0.0017889182058047491,0.0005889182058047492,151,424.1273781599963,2.808790583841035,27.81456953642384,1208.1035736000006,783.9761954400043,1.5409952248893937,10424.127378160016,4.241273781600157,42,109,0,0.03,0.006,72,5.0,4.8,48,5,43,0,10.416666666666668,89.58333333333334,0.0,-0.0022500000000000007,-0.003450000000000001,19,7.170850799999357,0.37741319999996614,21.052631578947366,115.0574832000002,107.88663240000085,1.066466536590119,10007.170850800003,0.07170850800002881,4,15,0
BTCUSDT,1h,8,2021-06-22 14:00:00+00:00,2022-01-16 21:00:00+00:00,2022-01-16 22:00:00+00:00,2022-02-27 13:00:00+00:00,total_pnl,volume_zscore_24 > 0 AND 65 <= rsi_14 < 100,2,volume_zscore_24 > 0 AND 65 <= rsi_14 < 100,2,0.03,0.006,72,5.0,7.42,371,76,295,0,20.485175202156334,79.51482479784366,0.0,0.0013746630727762797,0.00017466307277627983,139,366.6094322399965,2.6374779297841475,27.33812949640288,1093.0460904000008,726.4366581600043,1.5046681333078422,10366.609432240015,3.6660943224001494,38,101,0,0.03,0.006,72,5.0,6.9,69,9,60,0,13.043478260869565,86.95652173913044,0.0,-0.0013043478260869577,-0.0025043478260869576,31,-7.224829200001068,-0.23305900645164734,19.35483870967742,172.58622480000008,179.81105400000115,0.9598198829311071,9992.775170800005,-0.0722482919999493,6,25,0
BTCUSDT,1h,9,2021-08-03 06:00:00+00:00,2022-02-27 13:00:00+00:00,2022-02-27 14:00:00+00:00,2022-04-10 05:00:00+00:00,total_pnl,volume_zscore_24 > 0 AND 65 <= rsi_14 < 100,2,volume_zscore_24 > 0 AND 65 <= rsi_14 < 100,2,0.03,0.006,24,5.0,7.02,351,59,277,15,16.80911680911681,78.91737891737893,4.273504273504273,0.0008806519995458168,-0.00031934800045418314,135,273.22473463261144,2.0238869232045293,28.888888888888886,963.6991819926158,690.4744473600043,1.3957057870530518,10273.22473463263,2.732247346326294,31,96,8,0.03,0.006,24,5.0,7.199999999999999,72,9,58,5,12.5,80.55555555555556,6.944444444444445,-0.00039092570924771094,-0.0015909257092477109,35,-35.994597840001916,-1.0284170811429119,17.142857142857142,172.58622480000008,208.580822640002,0.8274309335612966,9964.005402160006,-0.3599459783999373,6,29,0
BTCUSDT,1h,10,2021-09-13 22:00:00+00:00,2022-04-10 05:00:00+00:00,2022-04-10 06:00:00+00:00,2022-05-21 21:00:00+00:00,total_pnl,volume_zscore_24 <= q25 AND 65 <= rsi_14 < 100,2,volume_zscore_24 <= q25 AND 65 <= rsi_14 < 100,2,0.03,0.015,24,2.0,5.08,254,67,122,65,26.37795275590551,48.031496062992126,25.590551181102363,0.002069361814259644,0.0008693618142596442,78,232.8814767542483,2.9856599583877985,50.0,832.9781428314584,600.0966660772101,1.3880732720556144,10232.881476754237,2.3288147675423714,25,36,17,0.03,0.015,24,2.0,5.0,50,1,32,17,2.0,64.0,34.0,-0.006992299548787004,-0.008192299548787004,16,-134.96233947510973,-8.435146217194358,18.75,41.92094905827946,176.8832885333892,0.23699779332385207,9865.037660524891,-1.3496233947510883,1,10,5
BTCUSDT,1h,11,2021-10-25 14:00:00+00:00,2022-05-21 21:00:00+00:00,2022-05-21 22:00:00+00:00,2022-07-02 13:00:00+00:00,total_pnl,65 <= rsi_14 < 100 AND volume_zscore_24 > 1,2,65 <= rsi_14 < 100 AND volume_zscore_24 > 1,2,0.03,0.006,24,5.0,2.7199999999999998,136,29,98,9,21.323529411764707,72.05882352941177,6.61764705882353,0.0028294555530112295,0.0016294555530112296,69,192.2188933418787,2.7857810629257784,28.985507246376812,537.9022437582181,345.6833504163394,1.5560548204313895,10192.218893341887,1.9221889334188744,18,48,3,0.03,0.006,24,5.0,3.2,32,6,26,0,18.75,81.25,0.0,0.0007499999999999996,-0.0004500000000000003,19,-28.78596216000051,-1.5150506400000268,15.789473684210526,86.29311239999993,115.07907456000044,0.7498592835399284,9971.214037840004,-0.28785962159996414,3,16,0
BTCUSDT,1h,12,2021-12-06 06:00:00+00:00,2022-07-02 13:00:00+00:00,2022-07-02 14:00:00+00:00,2022-08-13 05:00:00+00:00,total_pnl,volume_zscore_24 <= q25 AND 65 <= rsi_14 < 100,2,volume_zscore_24 <= q25 AND 65 <= rsi_14 < 100,2,0.015,0.015,48,1.0,4.32,216,137,79,0,63.42592592592593,36.574074074074076,0.0,0.004027777777777781,0.0028277777777777815,92,189.27322799999456,2.057317695652115,60.86956521739131,771.8124623999948,582.5392344000003,1.3249106958348322,10189.27322800002,1.8927322800002002,56,36,0,0.015,0.015,48,1.0,3.4000000000000004,33,23,10,0,69.6969696969697,30.303030303030305,0.0,0.005909090909090911,0.004709090909090911,14,13.169050799999013,0.9406464857142153,57.14285714285714,110.25892319999923,97.08987240000022,1.1356377392869967,10013.169050800003,0.1316905080000288,8,6,0
BTCUSDT,1h,13,2022-01-16 22:00:00+00:00,2022-08-13 05:00:00+00:00,2022-08-13 06:00:00+00:00,2022-09-23 21:00:00+00:00,total_pnl,atr_14 > q75 AND rsi_14 between q50-q75,2,atr_14 > q75 AND rsi_14 between q50-q75,2,0.02,0.012,24,1.6666666666666667,6.1,305,141,161,3,46.22950819672131,52.78688524590164,0.9836065573770493,0.002965070303540072,0.0017650703035400723,124,296.58106278051514,2.391782764358993,49.193548387096776,1127.2514549405191,830.6703921600034,1.3570382014089992,10296.581062780497,2.9658106278049674,60,63,1,0.02,0.012,24,1.6666666666666667,0.6,6,2,4,0,33.33333333333333,66.66666666666666,0.0,-0.0013333333333333333,-0.002533333333333333,3,-7.594121440000322,-2.5313738133334405,33.33333333333333,18.776367199999868,26.37048864000019,0.7120219672956251,9992.40587856,-0.0759412144000089,1,2,0
BTCUSDT,1h,14,2022-02-27 14:00:00+00:00,2022-09-23 21:00:00+00:00,2022-09-23 22:00:00+00:00,2022-11-04 13:00:00+00:00,total_pnl,atr_14 > q75 AND rsi_14 between q25-q50,2,atr_14 > q75 AND rsi_14 between q25-q50,2,0.03,0.015,24,2.0,5.58,279,99,157,23,35.483870967741936,56.272401433691755,8.24372759856631,0.002723964741307275,0.001523964741307275,95,267.04872313870897,2.8110391909337786,43.15789473684211,1118.6694674566131,851.6207443179043,1.313577052837761,10267.048723138696,2.6704872313869603,37,52,6,0.03,0.015,24,2.0,0.8,8,4,0,4,50.0,0.0,50.0,0.012556521278787803,0.011356521278787803,3,52.09831773141525,17.36610591047175,66.66666666666666,57.5287416000001,5.430423868584853,10.593784756435939,10052.098317731414,0.5209831773141377,2,0,1
BTCUSDT,1h,15,2022-04-10 06:00:00+00:00,2022-11-04 13:00:00+00:00,2022-11-04 14:00:00+00:00,2022-12-16 05:00:00+00:00,total_pnl,rolling_std_24 between q25-q50 AND atr_14 <= q25,2,rolling_std_24 between q25-q50 AND atr_14 <= q25,2,0.03,0.01,24,3.0,4.74,236,27,137,72,11.440677966101696,58.05084745762712,30.508474576271187,-0.0003587650317525079,-0.001558765031752508,53,120.40764613023043,2.2718423798156686,45.28301886792453,433.89825969870094,313.4906135684705,1.384086926111208,10120.40764613022,1.2040764613021928,10,28,15,0.03,0.01,24,3.0,5.7,57,0,44,13,0.0,77.19298245614034,22.807017543859647,-0.006077130044004955,-0.007277130044004955,8,-61.37905140570649,-7.672381425713311,12.5,9.62036328261479,70.99941468832128,0.13549919143484498,9938.62094859429,-0.6137905140570911,0,6,2
BTCUSDT,1h,17,2022-07-02 14:00:00+00:00,2023-01-26 21:00:00+00:00,2023-01-26 22:00:00+00:00,2023-03-09 13:00:00+00:00,total_pnl,volume_zscore_24 > q75 AND 0 <= rsi_14 < 35,2,volume_zscore_24 > q75 AND 0 <= rsi_14 < 35,2,0.03,0.012,72,2.5,5.8999999999999995,295,98,183,14,33.220338983050844,62.03389830508475,4.745762711864407,0.003108100334207017,0.0019081003342070171,124,364.1970904780959,2.937073310307225,40.32258064516129,1339.9051701581006,975.7080796800047,1.3732643995297638,10364.197090478046,3.6419709047804645,45,74,5,0.03,0.012,72,2.5,6.0,60,13,40,7,21.666666666666668,66.66666666666666,11.666666666666666,-0.0010247320915426883,-0.0022247320915426885,21,-10.657035661504779,-0.5074778886430847,42.857142857142854,147.56589617849545,158.22293184000023,0.9326454418612247,9989.342964338488,-0.10657035661512054,5,12,4
BTCUSDT,1h,18,2022-08-13 06:00:00+00:00,2023-03-09 13:00:00+00:00,2023-03-09 14:00:00+00:00,2023-04-20 05:00:00+00:00,total_pnl,rolling_std_24 between q50-q75 AND volume_zscore_24 > 1,2,rolling_std_24 between q50-q75 AND volume_zscore_24 > 1,2,0.03,0.008,48,3.75,3.32,166,43,116,7,25.903614457831324,69.87951807228916,4.216867469879518,0.002364118498210248,0.001164118498210248,87,269.3061728902936,3.0954732516125705,34.48275862068966,785.060824964742,515.7546520744484,1.5221594644025038,10269.306172890287,2.693061728902867,27,56,4,0.03,0.008,48,3.75,4.2,42,8,33,1,19.047619047619047,78.57142857142857,2.380952380952381,-0.00040979276013766903,-0.001609792760137669,22,25.545538719999968,1.1611608509090894,27.27272727272727,172.58622479999985,147.0406860799999,1.173731090360266,10025.545538719998,0.2554553871999815,6,16,0
BTCUSDT,1h,19,2022-09-23 22:00:00+00:00,2023-04-20 05:00:00+00:00,2023-04-20 06:00:00+00:00,2023-05-31 21:00:00+00:00,total_pnl,volume_zscore_24 > 0 AND rsi_14 > q75,2,volume_zscore_24 > 0 AND rsi_14 > q75,2,0.015,0.015,72,1.0,9.64,482,283,189,10,58.713692946058096,39.211618257261414,2.0746887966804977,0.0029801849229330294,0.0017801849229330295,158,315.3895087861832,1.9961361315581216,60.75949367088608,1308.0150254518967,992.6255166657138,1.3177326227171697,10315.389508786224,3.153895087862238,94,61,3,0.015,0.015,72,1.0,10.5,105,49,56,0,46.666666666666664,53.333333333333336,0.0,-0.0009999999999999996,-0.0021999999999999997,29,10.156456199999297,0.35022262758618267,55.172413793103445,220.51784639999926,210.36139019999996,1.0482809901110803,10010.156456200006,0.10156456200005777,16,13,0
BTCUSDT,1h,20,2022-11-04 14:00:00+00:00,2023-05-31 21:00:00+00:00,2023-05-31 22:00:00+00:00,2023-07-12 13:00:00+00:00,total_pnl,atr_14 > q75 AND volume_zscore_24 <= q25,2,atr_14 > q75 AND volume_zscore_24 <= q25,2,0.03,0.015,48,2.0,6.16,308,115,164,29,37.33766233766234,53.246753246753244,9.415584415584416,0.0037851548810445205,0.0025851548810445204,85,375.2195695688122,4.414347877280143,49.411764705882355,1047.7417218991325,672.5221523303203,1.5579289370151734,10375.219569568799,3.7521956956879876,34,41,10,0.03,0.015,48,2.0,2.3,23,6,10,7,26.08695652173913,43.47826086956522,30.434782608695656,0.0023310590653177134,0.0011310590653177135,7,14.309879708570634,2.0442685297958048,42.857142857142854,64.35651627525885,50.04663656668822,1.2859308974640566,10014.309879708571,0.14309879708571316,2,3,2
BTCUSDT,1h,21,2022-12-16 06:00:00+00:00,2023-07-12 13:00:00+00:00,2023-07-12 14:00:00+00:00,2023-08-23 05:00:00+00:00,total_pnl,rolling_std_24 > q75 AND atr_14 > q75,2,rolling_std_24 > q75 AND atr_14 > q75,2,0.03,0.015,96,2.0,18.740000000000002,937,379,532,26,40.44823906083244,56.77694770544291,2.774813233724653,0.0037208263368571776,0.002520826336857178,105,482.79276457628623,4.598026329297964,47.61904761904761,1372.7832615762875,889.9904970000013,1.5424695726568927,10482.79276457627,4.827927645762702,47,55,3,0.03,0.015,96,2.0,2.5,25,0,21,4,0.0,84.0,16.0,-0.013461039386322371,-0.01466103938632237,3,-40.343639823212584,-13.44787994107086,0.0,0.0,40.343639823212584,0.0,9959.656360176787,-0.4034363982321338,0,2,1
BTCUSDT,1h,22,2023-01-26 22:00:00+00:00,2023-08-23 05:00:00+00:00,2023-08-23 06:00:00+00:00,2023-10-03 21:00:00+00:00,total_pnl,rolling_std_24 > q75 AND volume_zscore_24 > 0,2,rolling_std_24 > q75 AND volume_zscore_24 > 0,2,0.03,0.015,96,2.0,7.46,373,150,204,19,40.21447721179624,54.6916890080429,5.093833780160858,0.0041799704566580975,0.002979970456658098,107,364.6716222665161,3.408146002490805,44.85981308411215,1311.187404489729,946.515782223213,1.38527790990443,10364.671622266498,3.6467162226649816,45,58,4,0.03,0.015,96,2.0,4.8,48,6,39,3,12.5,81.25,6.25,-0.008728416471187467,-0.009928416471187466,8,-31.501936683604413,-3.9377420854505516,25.0,57.528741599999876,89.03067828360429,0.64616762119619,9968.498063316396,-0.3150193668360407,2,5,1
BTCUSDT,1h,23,2023-03-09 14:00:00+00:00,2023-10-03 21:00:00+00:00,2023-10-03 22:00:00+00:00,2023-11-14 13:00:00+00:00,total_pnl,atr_14 > q75 AND volume_zscore_24 > 0,2,atr_14 > q75 AND volume_zscore_24 > 0,2,0.03,0.015,48,2.0,7.5600000000000005,378,125,208,45,33.06878306878307,55.026455026455025,11.904761904761903,0.0025399887988580595,0.0013399887988580596,104,362.0792071864895,3.4815308383316297,46.15384615384615,1225.974272680709,863.8950654942197,1.4191240599103896,10362.079207186476,3.620792071864762,40,53,11,0.03,0.015,48,2.0,7.8,78,37,25,16,47.43589743589743,32.05128205128205,20.51282051282051,0.011456017622380785,0.010256017622380785,20,174.7712531801809,8.738562659009045,65.0,288.0427709801811,113.2715178000002,2.5429408608152384,10174.771253180175,1.7477125318017532,9,7,4
BTCUSDT,1h,24,2023-04-20 06:00:00+00:00,2023-11-14 13:00:00+00:00,2023-11-14 14:00:00+00:00,2023-12-26 05:00:00+00:00,total_pnl,rolling_std_24 > q75 AND atr_14 between q50-q75,2,rolling_std_24 > q75 AND atr_14 between q50-q75,2,0.02,0.015,96,1.3333333333333335,4.82,241,136,90,15,56.43153526970954,37.344398340248965,6.224066390041494,0.005774677448578331,0.004574677448578332,58,343.8921725111703,5.929175388123626,65.51724137931035,667.5250805111705,323.63290800000016,2.062599519425788,10343.892172511176,3.438921725111759,35,20,3,0.02,0.015,96,1.3333333333333335,6.9,68,33,35,0,48.529411764705884,51.470588235294116,0.0,0.0019852941176470547,0.0007852941176470548,16,20.757774399999448,1.2973608999999655,50.0,150.21093759999974,129.4531632000003,1.1603496885427933,10020.757774400001,0.20757774400000928,8,8,0
BTCUSDT,1h,25,2023-05-31 22:00:00+00:00,2023-12-26 05:00:00+00:00,2023-12-26 06:00:00+00:00,2024-02-05 21:00:00+00:00,total_pnl,atr_14 > q75 AND volume_zscore_24 between q25-q50,2,atr_14 > q75 AND volume_zscore_24 between q25-q50,2,0.03,0.015,96,2.0,6.5,325,137,169,19,42.15384615384615,52.0,5.846153846153846,0.004990476132702262,0.0037904761327022625,83,447.3595446477228,5.389874031900275,49.39759036144578,1100.4677992144336,653.1082545667108,1.6849699747624731,10447.359544647708,4.473595446477084,37,39,7,0.03,0.015,96,2.0,13.100000000000001,131,38,93,0,29.00763358778626,70.99236641221374,0.0,-0.0019465648854961866,-0.0031465648854961865,28,-138.46395780000012,-4.9451413500000045,25.0,201.35059560000013,339.81455340000025,0.5925308188992944,9861.536042199998,-1.3846395780000238,7,21,0
BTCUSDT,1h,26,2023-07-12 14:00:00+00:00,2024-02-05 21:00:00+00:00,2024-02-05 22:00:00+00:00,2024-03-18 13:00:00+00:00,total_pnl,rolling_std_24 between q50-q75 AND volume_zscore_24 > q75,2,rolling_std_24 between q50-q75 AND volume_zscore_24 > q75,2,0.03,0.012,72,2.5,6.0600000000000005,303,103,169,31,33.993399339933994,55.775577557755774,10.231023102310232,0.00429584022847469,0.0030958402284746904,82,288.36365684265184,3.516629961495754,42.68292682926829,874.9148134325317,586.5511565898798,1.4916257577926446,10288.363656842621,2.883636568426209,28,43,11,0.03,0.012,72,2.5,5.800000000000001,58,27,28,3,46.55172413793103,48.275862068965516,5.172413793103448,0.008602008712912779,0.007402008712912779,19,85.07727888000011,4.477751520000005,42.10526315789473,230.1149664000004,145.0376875200003,1.5865873921098486,10085.077278879991,0.8507727887999136,8,11,0
BTCUSDT,1h,27,2023-08-23 06:00:00+00:00,2024-03-18 13:00:00+00:00,2024-03-18 14:00:00+00:00,2024-04-29 05:00:00+00:00,total_pnl,volume_zscore_24 > 0 AND 65 <= rsi_14 < 100,2,volume_zscore_24 > 0 AND 65 <= rsi_14 < 100,2,0.03,0.015,96,2.0,9.34,467,219,233,15,46.895074946466806,49.892933618843685,3.2119914346895073,0.006776989541193286,0.0055769895411932864,94,557.4430041606339,5.930244725113127,50.0,1286.736117433766,729.2931132731321,1.7643607131552088,10557.44300416062,5.574430041606193,44,44,6,0.03,0.015,96,2.0,8.4,84,26,58,0,30.952380952380953,69.04761904761905,0.0,-0.0010714285714285726,-0.0022714285714285727,20,-53.95681080000054,-2.697840540000027,30.0,172.58622479999963,226.54303560000017,0.7618253385848048,9946.043189199998,-0.5395681080000213,6,14,0
BTCUSDT,1h,28,2023-10-03 22:00:00+00:00,2024-04-29 05:00:00+00:00,2024-04-29 06:00:00+00:00,2024-06-09 21:00:00+00:00,total_pnl,volume_zscore_24 > q75 AND 65 <= rsi_14 < 100,2,volume_zscore_24 > q75 AND 65 <= rsi_14 < 100,2,0.02,0.015,96,1.3333333333333335,7.3,365,210,153,2,57.534246575342465,41.917808219178085,0.547945205479452,0.005216209666513769,0.004016209666513769,110,506.94351314802407,4.608577392254764,59.09090909090909,1220.463867999996,713.520354851972,1.7104822023657549,10506.943513148037,5.069435131480368,65,44,1,0.02,0.015,96,1.3333333333333335,6.4,64,32,30,2,50.0,46.875,3.125,0.002978387395219364,0.0017783873952193642,21,-44.618268696160385,-2.124679461721923,38.095238095238095,150.21093759999962,194.82920629616,0.7709877818403873,9955.381731303842,-0.44618268696158336,8,12,1
BTCUSDT,1h,29,2023-11-14 14:00:00+00:00,2024-06-09 21:00:00+00:00,2024-06-09 22:00:00+00:00,2024-07-21 13:00:00+00:00,total_pnl,rsi_14 > q75 AND volume_zscore_24 > 2,2,rsi_14 > q75 AND volume_zscore_24 > 2,2,0.03,0.015,48,2.0,2.1999999999999997,110,49,44,17,44.54545454545455,40.0,15.454545454545453,0.008503474367376595,0.007303474367376595,59,458.31601916750276,7.768068121483098,54.23728813559322,831.1297865658993,372.8137673983965,2.2293430641410215,10458.316019167492,4.583160191674924,26,22,11,0.03,0.015,48,2.0,2.3,23,5,15,3,21.73913043478261,65.21739130434783,13.043478260869565,-0.00277287002341901,-0.00397287002341901,13,-24.927644419053536,-1.9175111091579642,30.76923076923077,115.0574832000002,139.98512761905374,0.8219264800265784,9975.072355580945,-0.2492764441905456,4,8,1
BTCUSDT,1h,30,2023-12-26 06:00:00+00:00,2024-07-21 13:00:00+00:00,2024-07-21 14:00:00+00:00,2024-09-01 05:00:00+00:00,total_pnl,rsi_14 > q75 AND volume_zscore_24 > 2,2,rsi_14 > q75 AND volume_zscore_24 > 2,2,0.03,0.015,48,2.0,2.16,108,45,51,12,41.66666666666667,47.22222222222222,11.11111111111111,0.006348091065655653,0.005148091065655653,58,392.6512848054232,6.769849738024538,53.44827586206896,813.2725832665257,420.62129846110247,1.9335030970661466,10392.651284805412,3.9265128480541174,26,25,7,0.03,0.015,48,2.0,1.5,15,2,13,0,13.333333333333334,86.66666666666667,0.0,-0.009000000000000001,-0.0102,11,-88.10606699999983,-8.009642454545439,18.181818181818183,57.5287416000001,145.63480859999993,0.39502054593286384,9911.893933,-0.8810606700000062,2,9,0
BTCUSDT,1h,31,2024-02-05 22:00:00+00:00,2024-09-01 05:00:00+00:00,2024-09-01 06:00:00+00:00,2024-10-12 21:00:00+00:00,total_pnl,rsi_14 > q75 AND volume_zscore_24 > 2,2,rsi_14 > q75 AND volume_zscore_24 > 2,2,0.03,0.006,48,5.0,2.0,100,28,69,3,28.000000000000004,69.0,3.0,0.0046902870222114154,0.0034902870222114158,64,350.4985836241824,5.47654036912785,35.9375,645.3887121841847,294.89012856000227,2.188573470857521,10350.498583624187,3.5049858362418673,22,41,1,0.03,0.006,48,5.0,1.5,15,4,10,1,26.666666666666668,66.66666666666666,6.666666666666667,0.004756136482411499,0.0035561364824114993,9,24.502889502625976,2.722543278069553,33.33333333333333,67.657542462626,43.15465296000002,1.5677925280812168,10024.502889502628,0.24502889502628022,2,6,1
BTCUSDT,1h,32,2024-03-18 14:00:00+00:00,2024-10-12 21:00:00+00:00,2024-10-12 22:00:00+00:00,2024-11-23 13:00:00+00:00,total_pnl,rolling_std_24 between q50-q75 AND 55 <= rsi_14 < 65,2,rolling_std_24 between q50-q75 AND 55 <= rsi_14 < 65,2,0.02,0.01,72,2.0,4.74,237,97,140,0,40.92827004219409,59.07172995780591,0.0,0.0022784810126582275,0.0010784810126582276,78,206.0681879999985,2.6418998461538266,46.15384615384615,675.9492191999981,469.8810311999996,1.4385539622098256,10206.068187999994,2.060681879999938,36,42,0,0.02,0.01,72,2.0,3.1,31,18,12,1,58.06451612903226,38.70967741935484,3.225806451612903,0.007709518996845664,0.006509518996845664,13,13.364985233764742,1.0280757872126725,38.46153846153847,93.88183599999957,80.51685076623482,1.1659899152360964,10013.364985233764,0.13364985233763946,5,7,1
BTCUSDT,1h,33,2024-04-29 06:00:00+00:00,2024-11-23 13:00:00+00:00,2024-11-23 14:00:00+00:00,2025-01-04 05:00:00+00:00,total_pnl,atr_14 > q75 AND volume_zscore_24 between q50-q75,2,atr_14 > q75 AND volume_zscore_24 between q50-q75,2,0.03,0.015,72,2.0,6.3,315,134,171,10,42.53968253968254,54.285714285714285,3.1746031746031744,0.004808442152674937,0.0036084421526749377,126,381.72644430899516,3.029574954833295,43.65079365079365,1518.6652880606027,1136.9388437516077,1.3357493205609858,10381.726444308977,3.8172644430897704,52,70,4,0.03,0.015,72,2.0,7.000000000000001,70,20,50,0,28.57142857142857,71.42857142857143,0.0,-0.0021428571428571447,-0.003342857142857145,28,-93.51794159999963,-3.3399264857142725,28.57142857142857,230.11496639999996,323.6329079999996,0.711036982679154,9906.482058399997,-0.9351794160000282,8,20,0
BTCUSDT,1h,34,2024-06-09 22:00:00+00:00,2025-01-04 05:00:00+00:00,2025-01-04 06:00:00+00:00,2025-02-14 21:00:00+00:00,total_pnl,volume_zscore_24 <= q25 AND 55 <= rsi_14 < 65,2,volume_zscore_24 <= q25 AND 55 <= rsi_14 < 65,2,0.02,0.015,72,1.3333333333333335,6.5,324,168,154,2,51.85185185185185,47.53086419753087,0.6172839506172839,0.003305137323295653,0.0021051373232956532,103,351.7644853165574,3.4151891778306545,56.310679611650485,1079.9385283165575,728.1740430000003,1.4830774849750543,10351.764485316568,3.517644853165675,57,45,1,0.02,0.015,72,1.3333333333333335,7.5,75,32,42,1,42.66666666666667,56.00000000000001,1.3333333333333335,0.00019306111407297702,-0.001006938885927023,19,-27.787161800000376,-1.4624822000000197,42.10526315789473,150.21093759999985,177.99809940000023,0.8438906825765784,9972.212838200001,-0.27787161799999016,8,11,0
BTCUSDT,1h,35,2024-07-21 14:00:00+00:00,2025-02-14 21:00:00+00:00,2025-02-14 22:00:00+00:00,2025-03-28 13:00:00+00:00,total_pnl,atr_14 > q75 AND volume_zscore_24 <= q25,2,atr_14 > q75 AND volume_zscore_24 <= q25,2,0.03,0.015,24,2.0,6.34,317,82,142,93,25.86750788643533,44.79495268138801,29.33753943217666,0.0024526264259830126,0.0012526264259830127,89,322.6676010585029,3.625478663578684,50.56179775280899,973.7954546328277,651.1278535743248,1.4955518325429324,10322.667601058487,3.2266760105848697,30,39,20,0.03,0.015,24,2.0,8.9,89,22,49,18,24.719101123595504,55.0561797752809,20.224719101123593,0.0005035374306642426,-0.0006964625693357573,23,3.5261300648030556,0.15331000281752416,34.78260869565217,218.20011506818355,214.6739850033805,1.0164255117579688,10003.526130064802,0.03526130064801691,7,13,3
BTCUSDT,1h,36,2024-09-01 06:00:00+00:00,2025-03-28 13:00:00+00:00,2025-03-28 14:00:00+00:00,2025-05-09 05:00:00+00:00,total_pnl,rolling_std_24 > q75 AND 55 <= rsi_14 < 65,2,rolling_std_24 > q75 AND 55 <= rsi_14 < 65,2,0.03,0.015,96,2.0,4.7,235,102,128,5,43.40425531914894,54.46808510638298,2.127659574468085,0.005168543341846617,0.003968543341846618,62,390.0644873999993,6.291362699999988,50.0,891.6954947999996,501.63100740000027,1.7775924566978814,10390.064487399988,3.900644873999881,31,31,0,0.03,0.015,96,2.0,2.7,27,7,20,0,25.925925925925924,74.07407407407408,0.0,-0.0033333333333333375,-0.004533333333333337,5,8.983805399999937,1.7967610799999876,40.0,57.528741599999876,48.54493619999994,1.1850616377985876,10008.9838054,0.08983805399999256,2,3,0
BTCUSDT,1h,37,2024-10-12 22:00:00+00:00,2025-05-09 05:00:00+00:00,2025-05-09 06:00:00+00:00,2025-06-19 21:00:00+00:00,total_pnl,atr_14 > q75 AND 55 <= rsi_14 < 65,2,atr_14 > q75 AND 55 <= rsi_14 < 65,2,0.03,0.015,72,2.0,4.44,222,90,124,8,40.54054054054054,55.85585585585585,3.6036036036036037,0.004352946664009375,0.0031529466640093755,65,410.4599183119153,6.314767974029467,50.76923076923077,928.2725711119155,517.8126528000001,1.7926803566741951,10410.459918311904,4.104599183119044,32,32,1,0.03,0.015,72,2.0,0.8,8,3,5,0,37.5,62.5,0.0,0.001875,0.000675,3,-3.5989199999999073,-1.1996399999999692,33.33333333333333,28.76437080000005,32.36329079999996,0.8887962283489443,9996.40108,-0.03598920000000362,1,2,0
BTCUSDT,1h,38,2024-11-23 14:00:00+00:00,2025-06-19 21:00:00+00:00,2025-06-19 22:00:00+00:00,2025-07-31 13:00:00+00:00,total_pnl,rolling_std_24 between q50-q75 AND rsi_14 > q75,2,rolling_std_24 between q50-q75 AND rsi_14 > q75,2,0.02,0.015,96,1.3333333333333335,6.660000000000001,333,172,161,0,51.651651651651655,48.348348348348345,0.0,0.003078078078078078,0.0018780780780780781,57,371.0926783999978,6.510397866666628,64.91228070175438,694.725586399998,323.63290800000016,2.1466469238041688,10371.092678400004,3.710926784000039,37,20,0,0.02,0.015,96,1.3333333333333335,3.4000000000000004,34,24,9,1,70.58823529411765,26.47058823529412,2.941176470588235,0.010223828895064615,0.009023828895064616,6,42.74217799999974,7.12369633333329,66.66666666666666,75.10546879999981,32.36329080000007,2.320699377085585,10042.742178,0.4274217800000042,4,2,0
BTCUSDT,1h,39,2025-01-04 06:00:00+00:00,2025-07-31 13:00:00+00:00,2025-07-31 14:00:00+00:00,2025-09-11 05:00:00+00:00,total_pnl,atr_14 > q75 AND volume_zscore_24 <= 0,2,atr_14 > q75 AND volume_zscore_24 <= 0,2,0.02,0.012,24,1.6666666666666667,16.78,839,299,407,133,35.63766388557807,48.51013110846246,15.852205005959474,0.0018107685960330605,0.0006107685960330606,163,361.41486581692527,2.217269115441259,49.693251533742334,1377.0342774480785,1015.619411631153,1.355856595175223,10361.4148658169,3.6141486581689968,68,76,19,0.02,0.012,24,1.6666666666666667,2.5,25,4,15,6,16.0,60.0,24.0,-0.0054495441011494054,-0.006649544101149405,5,-24.914989131961647,-4.98299782639233,20.0,18.77636719999998,43.69135633196163,0.4297501560111666,9975.085010868037,-0.2491498913196301,1,3,1
BTCUSDT,1h,40,2025-02-14 22:00:00+00:00,2025-09-11 05:00:00+00:00,2025-09-11 06:00:00+00:00,2025-10-22 21:00:00+00:00,total_pnl,rolling_std_24 > q75 AND volume_zscore_24 <= 0,2,rolling_std_24 > q75 AND volume_zscore_24 <= 0,2,0.02,0.015,72,1.3333333333333335,17.24,862,444,371,47,51.508120649651964,43.03944315545243,5.452436194895592,0.004219947814862622,0.003019947814862622,104,558.5566804607084,5.370737312122197,61.53846153846154,1175.1239507841965,616.5672703234877,1.905913608044191,10558.556680460719,5.585566804607188,60,38,6,0.02,0.015,72,1.3333333333333335,12.8,128,57,56,15,44.53125,43.75,11.71875,0.0019363485770564472,0.0007363485770564473,14,-20.586008241520858,-1.4704291601086328,42.857142857142854,101.54906909620274,122.1350773377236,0.8314488458987326,9979.41399175848,-0.20586008241520176,5,7,2
BTCUSDT,1h,41,2025-03-28 14:00:00+00:00,2025-10-22 21:00:00+00:00,2025-10-22 22:00:00+00:00,2025-12-03 13:00:00+00:00,total_pnl,rolling_std_24 > q75 AND volume_zscore_24 <= 0,2,rolling_std_24 > q75 AND volume_zscore_24 <= 0,2,0.02,0.015,96,1.3333333333333335,17.46,873,500,347,26,57.273768613974795,39.74799541809851,2.978235967926689,0.005452515526930885,0.004252515526930885,90,457.3164025954869,5.081293362172077,61.111111111111114,1016.3559057332112,559.0395031377243,1.8180395124650486,10457.316402595496,4.573164025954957,54,34,2,0.02,0.015,96,1.3333333333333335,37.8,377,117,251,9,31.03448275862069,66.57824933687002,2.3872679045092835,-0.0037288444089875867,-0.004928844408987587,49,-217.4850544296387,-4.438470498564055,32.6530612244898,300.4218751999989,517.9069296296376,0.5800692325449955,9782.514945570365,-2.1748505442963504,16,32,1
BTCUSDT,1h,42,2025-05-09 06:00:00+00:00,2025-12-03 13:00:00+00:00,2025-12-03 14:00:00+00:00,2026-01-14 05:00:00+00:00,total_pnl,rolling_std_24 <= q25 AND volume_zscore_24 > q75,2,rolling_std_24 <= q25 AND volume_zscore_24 > q75,2,0.03,0.012,24,2.5,6.419999999999999,321,41,109,171,12.77258566978193,33.95638629283489,53.271028037383175,0.0028868602093200437,0.0016868602093200438,68,282.21179082597496,4.150173394499632,61.76470588235294,558.3300250608498,276.1182342348749,2.0220686497144436,10282.211790825964,2.822117908259643,10,19,39,0.03,0.012,24,2.5,7.8,78,7,34,37,8.974358974358974,43.58974358974359,47.43589743589743,0.000905629902267088,-0.0002943700977329119,14,-34.44569783421764,-2.460406988158403,50.0,57.85101240578285,92.2967102400005,0.6267938722339292,9965.55430216578,-0.34445697834220484,1,7,6
BTCUSDT,1h,43,2025-06-19 22:00:00+00:00,2026-01-14 05:00:00+00:00,2026-01-14 06:00:00+00:00,2026-02-24 21:00:00+00:00,total_pnl,volume_zscore_24 between q50-q75 AND 35 <= rsi_14 < 45,2,volume_zscore_24 between q50-q75 AND 35 <= rsi_14 < 45,2,0.02,0.015,48,1.3333333333333335,4.34,217,95,90,32,43.77880184331797,41.474654377880185,14.746543778801843,0.002900835219920435,0.0017008352199204353,101,316.0485070548068,3.129193139156503,58.415841584158414,952.6728029147924,636.6242958599856,1.4964443064930029,10316.048507054817,3.1604850705481655,48,39,14,0.02,0.015,48,1.3333333333333335,5.4,54,10,41,3,18.51851851851852,75.92592592592592,5.555555555555555,-0.007723336291578459,-0.00892333629157846,27,-213.8483118837994,-7.920307847548126,22.22222222222222,112.65820319999943,326.50651508379883,0.34504121049800607,9786.151688116202,-2.138483118837976,6,20,1
BTCUSDT,1h,44,2025-07-31 14:00:00+00:00,2026-02-24 21:00:00+00:00,2026-02-24 22:00:00+00:00,2026-04-07 13:00:00+00:00,total_pnl,atr_14 <= q25 AND volume_zscore_24 > q75,2,atr_14 <= q25 AND volume_zscore_24 > q75,2,0.03,0.006,48,5.0,5.72,286,53,204,29,18.53146853146853,71.32867132867133,10.13986013986014,0.0027788591616314975,0.0015788591616314976,54,233.0876843863931,4.316438599748021,37.03703703703704,470.4988468730186,237.41116248662547,1.9817890698358551,10233.087684386399,2.330876843863989,13,33,8,0.03,0.006,48,5.0,1.7000000000000002,17,9,8,0,52.94117647058824,47.05882352941176,0.0,0.013058823529411762,0.011858823529411762,5,35.951415119999865,7.190283023999973,40.0,57.528741599999876,21.57732648000001,2.6661663414753063,10035.95141512,0.3595141512000009,2,3,0
