symbol,timeframe,strategy_name,fold,train_start,train_end,test_start,test_end,test_short_sma,test_long_sma,test_rsi_buy_threshold,test_use_macd_filter,test_tp_rate,test_sl_rate,test_lookahead_steps,test_reward_risk,test_signal_count,test_trade_count,test_total_pnl,test_avg_pnl,test_win_rate,test_gross_profit,test_gross_loss,test_profit_factor,test_final_equity,test_total_return,test_take_profit_count,test_stop_loss_count,test_time_exit_count
SOLUSDT,5m,sma5_30_rsi60_macd_tp020_sl015_lh96,1,2025-11-24 19:15:00+00:00,2025-12-12 03:50:00+00:00,2025-12-12 03:55:00+00:00,2025-12-15 15:10:00+00:00,5,30,60.0,True,0.02,0.015,96,1.3333333333333335,9,8,-21.84988609829236,-2.731235762286545,50.0,25.259170912678655,47.109057010971014,0.5361850250323661,9978.15011390171,-0.2184988609829088,0,3,5
SOLUSDT,5m,sma5_30_rsi60_nomacd_tp020_sl015_lh96,1,2025-11-24 19:15:00+00:00,2025-12-12 03:50:00+00:00,2025-12-12 03:55:00+00:00,2025-12-15 15:10:00+00:00,5,30,60.0,False,0.02,0.015,96,1.3333333333333335,9,8,-21.84988609829236,-2.731235762286545,50.0,25.259170912678655,47.109057010971014,0.5361850250323661,9978.15011390171,-0.2184988609829088,0,3,5
SOLUSDT,5m,sma8_30_rsi65_macd_tp030_sl015_lh72,1,2025-11-24 19:15:00+00:00,2025-12-12 03:50:00+00:00,2025-12-12 03:55:00+00:00,2025-12-15 15:10:00+00:00,8,30,65.0,True,0.03,0.015,72,2.0,3,3,-29.08013203816563,-9.69337734605521,33.33333333333333,1.7077891618343983,30.787921200000028,0.05546945345028351,9970.919867961833,-0.29080132038166995,0,2,1
SOLUSDT,5m,sma12_50_rsi65_macd_tp030_sl012_lh72,1,2025-11-24 19:15:00+00:00,2025-12-12 03:50:00+00:00,2025-12-12 03:55:00+00:00,2025-12-15 15:10:00+00:00,12,50,65.0,True,0.03,0.012,72,2.5,3,3,9.94251800225959,3.314172667419863,100.0,9.94251800225959,0.0,999.0,10009.942518002259,0.09942518002259021,0,0,3
SOLUSDT,5m,sma10_80_rsi50_macd_tp030_sl006_lh96,1,2025-11-24 19:15:00+00:00,2025-12-12 03:50:00+00:00,2025-12-12 03:55:00+00:00,2025-12-15 15:10:00+00:00,10,80,50.0,True,0.03,0.006,96,5.0,9,8,-7.971348483083943,-0.9964185603854929,25.0,18.26843519341901,26.239783676502952,0.6962113490965217,9992.028651516915,-0.07971348483084512,0,4,4
SOLUSDT,5m,sma5_30_rsi60_macd_tp020_sl015_lh96,2,2025-11-28 06:35:00+00:00,2025-12-15 15:10:00+00:00,2025-12-15 15:15:00+00:00,2025-12-19 02:30:00+00:00,5,30,60.0,True,0.02,0.015,96,1.3333333333333335,7,6,53.51624504590745,8.919374174317909,83.33333333333334,56.107016901255975,2.590771855348521,21.656486959832375,10053.51624504591,0.5351624504591018,2,0,4
SOLUSDT,5m,sma5_30_rsi60_nomacd_tp020_sl015_lh96,2,2025-11-28 06:35:00+00:00,2025-12-15 15:10:00+00:00,2025-12-15 15:15:00+00:00,2025-12-19 02:30:00+00:00,5,30,60.0,False,0.02,0.015,96,1.3333333333333335,7,6,53.51624504590745,8.919374174317909,83.33333333333334,56.107016901255975,2.590771855348521,21.656486959832375,10053.51624504591,0.5351624504591018,2,0,4
SOLUSDT,5m,sma8_30_rsi65_macd_tp030_sl015_lh72,2,2025-11-28 06:35:00+00:00,2025-12-15 15:10:00+00:00,2025-12-15 15:15:00+00:00,2025-12-19 02:30:00+00:00,8,30,65.0,True,0.03,0.015,72,2.0,5,4,30.89474664089994,7.723686660224985,75.0,39.08706235925695,8.192315718357008,4.771186036162186,10030.8947466409,0.3089474664090085,1,0,3
SOLUSDT,5m,sma12_50_rsi65_macd_tp030_sl012_lh72,2,2025-11-28 06:35:00+00:00,2025-12-15 15:10:00+00:00,2025-12-15 15:15:00+00:00,2025-12-19 02:30:00+00:00,12,50,65.0,True,0.03,0.012,72,2.5,7,6,46.6094197094983,7.768236618249716,83.33333333333334,59.00458018949837,12.395160480000072,4.76029175134149,10046.609419709499,0.4660941970949898,1,1,4
SOLUSDT,5m,sma10_80_rsi50_macd_tp030_sl006_lh96,2,2025-11-28 06:35:00+00:00,2025-12-15 15:10:00+00:00,2025-12-15 15:15:00+00:00,2025-12-19 02:30:00+00:00,10,80,50.0,True,0.03,0.006,96,5.0,7,7,43.07194877127665,6.153135538753808,42.857142857142854,68.6621897312765,25.590240959999846,2.6831396327452524,10043.071948771276,0.43071948771275853,2,4,1
SOLUSDT,5m,sma5_30_rsi60_macd_tp020_sl015_lh96,3,2025-12-01 17:55:00+00:00,2025-12-19 02:30:00+00:00,2025-12-19 02:35:00+00:00,2025-12-22 13:50:00+00:00,5,30,60.0,True,0.02,0.015,96,1.3333333333333335,12,7,28.23091051681638,4.0329872166880545,57.14285714285714,47.67995630293069,19.44904578611431,2.4515319068749326,10028.230910516817,0.2823091051681695,2,1,4
SOLUSDT,5m,sma5_30_rsi60_nomacd_tp020_sl015_lh96,3,2025-12-01 17:55:00+00:00,2025-12-19 02:30:00+00:00,2025-12-19 02:35:00+00:00,2025-12-22 13:50:00+00:00,5,30,60.0,False,0.02,0.015,96,1.3333333333333335,12,7,28.23091051681638,4.0329872166880545,57.14285714285714,47.67995630293069,19.44904578611431,2.4515319068749326,10028.230910516817,0.2823091051681695,2,1,4
SOLUSDT,5m,sma8_30_rsi65_macd_tp030_sl015_lh72,3,2025-12-01 17:55:00+00:00,2025-12-19 02:30:00+00:00,2025-12-19 02:35:00+00:00,2025-12-22 13:50:00+00:00,8,30,65.0,True,0.03,0.015,72,2.0,6,5,33.71546797579822,6.743093595159644,40.0,42.97182158896874,9.256353613170518,4.642413566377342,10033.715467975799,0.33715467975798674,1,0,4
SOLUSDT,5m,sma12_50_rsi65_macd_tp030_sl012_lh72,3,2025-12-01 17:55:00+00:00,2025-12-19 02:30:00+00:00,2025-12-19 02:35:00+00:00,2025-12-22 13:50:00+00:00,12,50,65.0,True,0.03,0.012,72,2.5,9,7,4.658205988893087,0.6654579984132981,42.857142857142854,32.348240471007216,27.69003448211413,1.1682268034697454,10004.658205988891,0.04658205988891496,1,1,5
SOLUSDT,5m,sma10_80_rsi50_macd_tp030_sl006_lh96,3,2025-12-01 17:55:00+00:00,2025-12-19 02:30:00+00:00,2025-12-19 02:35:00+00:00,2025-12-22 13:50:00+00:00,10,80,50.0,True,0.03,0.006,96,5.0,13,9,7.052321057282029,0.7835912285868921,33.33333333333333,42.68579395760685,35.63347290032482,1.1979128185739578,10007.052321057281,0.07052321057281007,1,5,3
SOLUSDT,5m,sma5_30_rsi60_macd_tp020_sl015_lh96,4,2025-12-05 05:15:00+00:00,2025-12-22 13:50:00+00:00,2025-12-22 13:55:00+00:00,2025-12-26 01:10:00+00:00,5,30,60.0,True,0.02,0.015,96,1.3333333333333335,7,6,-10.572395860001507,-1.7620659766669178,33.33333333333333,24.380176052615184,34.95257191261669,0.6975216620272446,9989.427604139997,-0.10572395860002871,1,2,3
SOLUSDT,5m,sma5_30_rsi60_nomacd_tp020_sl015_lh96,4,2025-12-05 05:15:00+00:00,2025-12-22 13:50:00+00:00,2025-12-22 13:55:00+00:00,2025-12-26 01:10:00+00:00,5,30,60.0,False,0.02,0.015,96,1.3333333333333335,7,6,-10.572395860001507,-1.7620659766669178,33.33333333333333,24.380176052615184,34.95257191261669,0.6975216620272446,9989.427604139997,-0.10572395860002871,1,2,3
SOLUSDT,5m,sma8_30_rsi65_macd_tp030_sl015_lh72,4,2025-12-05 05:15:00+00:00,2025-12-22 13:50:00+00:00,2025-12-22 13:55:00+00:00,2025-12-26 01:10:00+00:00,8,30,65.0,True,0.03,0.015,72,2.0,6,5,-57.3715840339396,-11.47431680678792,20.0,4.204258366060458,61.575842400000056,0.06827772389615662,9942.628415966059,-0.5737158403394096,0,4,1
SOLUSDT,5m,sma12_50_rsi65_macd_tp030_sl012_lh72,4,2025-12-05 05:15:00+00:00,2025-12-22 13:50:00+00:00,2025-12-22 13:55:00+00:00,2025-12-26 01:10:00+00:00,12,50,65.0,True,0.03,0.012,72,2.5,8,5,5.308639239607601,1.0617278479215202,60.0,18.749391910791246,13.440752671183645,1.3949659196533746,10005.308639239607,0.053086392396071456,0,1,4
SOLUSDT,5m,sma10_80_rsi50_macd_tp030_sl006_lh96,4,2025-12-05 05:15:00+00:00,2025-12-22 13:50:00+00:00,2025-12-22 13:55:00+00:00,2025-12-26 01:10:00+00:00,10,80,50.0,True,0.03,0.006,96,5.0,7,7,-29.455502825295753,-4.20792897504225,14.285714285714285,8.929858614704244,38.38536144,0.23263708558958002,9970.544497174702,-0.2945550282529803,0,6,1
SOLUSDT,5m,sma5_30_rsi60_macd_tp020_sl015_lh96,5,2025-12-08 16:35:00+00:00,2025-12-26 01:10:00+00:00,2025-12-26 01:15:00+00:00,2025-12-29 12:30:00+00:00,5,30,60.0,True,0.02,0.015,96,1.3333333333333335,8,5,53.250763006278476,10.650152601255694,100.0,53.250763006278476,0.0,999.0,10053.25076300628,0.5325076300627916,2,0,3
SOLUSDT,5m,sma5_30_rsi60_nomacd_tp020_sl015_lh96,5,2025-12-08 16:35:00+00:00,2025-12-26 01:10:00+00:00,2025-12-26 01:15:00+00:00,2025-12-29 12:30:00+00:00,5,30,60.0,False,0.02,0.015,96,1.3333333333333335,8,5,53.250763006278476,10.650152601255694,100.0,53.250763006278476,0.0,999.0,10053.25076300628,0.5325076300627916,2,0,3
SOLUSDT,5m,sma8_30_rsi65_macd_tp030_sl015_lh72,5,2025-12-08 16:35:00+00:00,2025-12-26 01:10:00+00:00,2025-12-26 01:15:00+00:00,2025-12-29 12:30:00+00:00,8,30,65.0,True,0.03,0.015,72,2.0,7,5,30.767820692686087,6.1535641385372175,60.0,47.45489379370167,16.687073101015585,2.8438117042115394,10030.767820692687,0.30767820692686654,1,1,3
SOLUSDT,5m,sma12_50_rsi65_macd_tp030_sl012_lh72,5,2025-12-08 16:35:00+00:00,2025-12-26 01:10:00+00:00,2025-12-26 01:15:00+00:00,2025-12-29 12:30:00+00:00,12,50,65.0,True,0.03,0.012,72,2.5,3,3,-12.316516833623155,-4.105505611207718,33.33333333333333,1.2916832299137013,13.608200063536856,0.09491947677744421,9987.683483166376,-0.12316516833623609,0,1,2
SOLUSDT,5m,sma10_80_rsi50_macd_tp030_sl006_lh96,5,2025-12-08 16:35:00+00:00,2025-12-26 01:10:00+00:00,2025-12-26 01:15:00+00:00,2025-12-29 12:30:00+00:00,10,80,50.0,True,0.03,0.006,96,5.0,10,6,29.075578362266924,4.845929727044488,66.66666666666666,41.870698842267075,12.79512048000015,3.2723958252456082,10029.075578362266,0.2907557836226624,1,2,3
SOLUSDT,5m,sma5_30_rsi60_macd_tp020_sl015_lh96,6,2025-12-12 03:55:00+00:00,2025-12-29 12:30:00+00:00,2025-12-29 12:35:00+00:00,2026-01-01 23:50:00+00:00,5,30,60.0,True,0.02,0.015,96,1.3333333333333335,15,9,-11.251906992448085,-1.2502118880497872,44.44444444444444,24.24781177313764,35.499718765585726,0.6830423624832783,9988.74809300755,-0.11251906992449223,0,1,8
SOLUSDT,5m,sma5_30_rsi60_nomacd_tp020_sl015_lh96,6,2025-12-12 03:55:00+00:00,2025-12-29 12:30:00+00:00,2025-12-29 12:35:00+00:00,2026-01-01 23:50:00+00:00,5,30,60.0,False,0.02,0.015,96,1.3333333333333335,15,9,-11.251906992448085,-1.2502118880497872,44.44444444444444,24.24781177313764,35.499718765585726,0.6830423624832783,9988.74809300755,-0.11251906992449223,0,1,8
SOLUSDT,5m,sma8_30_rsi65_macd_tp030_sl015_lh72,6,2025-12-12 03:55:00+00:00,2025-12-29 12:30:00+00:00,2025-12-29 12:35:00+00:00,2026-01-01 23:50:00+00:00,8,30,65.0,True,0.03,0.015,72,2.0,7,6,-4.351497756734375,-0.7252496261223959,50.0,27.878134326703275,32.22963208343765,0.8649845662069923,9995.648502243264,-0.043514977567356256,0,2,4
SOLUSDT,5m,sma12_50_rsi65_macd_tp030_sl012_lh72,6,2025-12-12 03:55:00+00:00,2025-12-29 12:30:00+00:00,2025-12-29 12:35:00+00:00,2026-01-01 23:50:00+00:00,12,50,65.0,True,0.03,0.012,72,2.5,9,7,22.692332942897565,3.2417618489853663,42.857142857142854,32.78190347481916,10.089570531921595,3.2490880926103927,10022.692332942897,0.2269233294289734,0,0,7
SOLUSDT,5m,sma10_80_rsi50_macd_tp030_sl006_lh96,6,2025-12-12 03:55:00+00:00,2025-12-29 12:30:00+00:00,2025-12-29 12:35:00+00:00,2026-01-01 23:50:00+00:00,10,80,50.0,True,0.03,0.006,96,5.0,9,8,1.766820510905859,0.22085256386323238,50.0,27.357061470905933,25.590240960000074,1.0690427461651324,10001.766820510904,0.017668205109039263,0,4,4
SOLUSDT,5m,sma5_30_rsi60_macd_tp020_sl015_lh96,7,2025-12-15 15:15:00+00:00,2026-01-01 23:50:00+00:00,2026-01-01 23:55:00+00:00,2026-01-05 11:10:00+00:00,5,30,60.0,True,0.02,0.015,96,1.3333333333333335,10,7,73.31948444241289,10.474212063201842,85.71428571428571,88.7134450424129,15.393960600000014,5.762873333741858,10073.319484442414,0.7331948444241425,4,1,2
SOLUSDT,5m,sma5_30_rsi60_nomacd_tp020_sl015_lh96,7,2025-12-15 15:15:00+00:00,2026-01-01 23:50:00+00:00,2026-01-01 23:55:00+00:00,2026-01-05 11:10:00+00:00,5,30,60.0,False,0.02,0.015,96,1.3333333333333335,11,7,73.31948444241289,10.474212063201842,85.71428571428571,88.7134450424129,15.393960600000014,5.762873333741858,10073.319484442414,0.7331948444241425,4,1,2
SOLUSDT,5m,sma8_30_rsi65_macd_tp030_sl015_lh72,7,2025-12-15 15:15:00+00:00,2026-01-01 23:50:00+00:00,2026-01-01 23:55:00+00:00,2026-01-05 11:10:00+00:00,8,30,65.0,True,0.03,0.015,72,2.0,4,3,26.128481774649572,8.70949392488319,100.0,26.128481774649572,0.0,999.0,10026.12848177465,0.26128481774649115,0,0,3
SOLUSDT,5m,sma12_50_rsi65_macd_tp030_sl012_lh72,7,2025-12-15 15:15:00+00:00,2026-01-01 23:50:00+00:00,2026-01-01 23:55:00+00:00,2026-01-05 11:10:00+00:00,12,50,65.0,True,0.03,0.012,72,2.5,7,6,20.823706132130383,3.4706176886883973,50.0,29.207791523422088,8.384085391291705,3.483718278174902,10020.823706132132,0.20823706132132427,0,0,6
SOLUSDT,5m,sma10_80_rsi50_macd_tp030_sl006_lh96,7,2025-12-15 15:15:00+00:00,2026-01-01 23:50:00+00:00,2026-01-01 23:55:00+00:00,2026-01-05 11:10:00+00:00,10,80,50.0,True,0.03,0.006,96,5.0,9,7,83.0170972129132,11.859585316130458,85.71428571428571,86.58407767563062,3.5669804627174244,24.273774017160857,10083.017097212916,0.8301709721291626,1,0,6
SOLUSDT,5m,sma5_30_rsi60_macd_tp020_sl015_lh96,8,2025-12-19 02:35:00+00:00,2026-01-05 11:10:00+00:00,2026-01-05 11:15:00+00:00,2026-01-08 22:30:00+00:00,5,30,60.0,True,0.02,0.015,96,1.3333333333333335,15,8,27.910847641099735,3.488855955137467,50.0,74.27671535971717,46.36586771861744,1.6019697034569376,10027.9108476411,0.2791084764110019,3,3,2
SOLUSDT,5m,sma5_30_rsi60_nomacd_tp020_sl015_lh96,8,2025-12-19 02:35:00+00:00,2026-01-05 11:10:00+00:00,2026-01-05 11:15:00+00:00,2026-01-08 22:30:00+00:00,5,30,60.0,False,0.02,0.015,96,1.3333333333333335,16,9,12.516887041099835,1.3907652267888706,44.44444444444444,74.27671535971717,61.75982831861734,1.2026703665127685,10012.5168870411,0.12516887041099836,3,4,2
SOLUSDT,5m,sma8_30_rsi65_macd_tp030_sl015_lh72,8,2025-12-19 02:35:00+00:00,2026-01-05 11:10:00+00:00,2026-01-05 11:15:00+00:00,2026-01-08 22:30:00+00:00,8,30,65.0,True,0.03,0.015,72,2.0,6,6,-46.269906123456394,-7.711651020576066,16.666666666666664,8.505001607880104,54.7749077313365,0.15527185640541805,9953.730093876542,-0.4626990612345798,0,3,3
SOLUSDT,5m,sma12_50_rsi65_macd_tp030_sl012_lh72,8,2025-12-19 02:35:00+00:00,2026-01-05 11:10:00+00:00,2026-01-05 11:15:00+00:00,2026-01-08 22:30:00+00:00,12,50,65.0,True,0.03,0.012,72,2.5,6,6,80.72069437294851,13.453449062158086,83.33333333333334,84.29742589768671,3.576731524738193,23.568284428017574,10080.72069437295,0.8072069437295067,2,0,4
SOLUSDT,5m,sma10_80_rsi50_macd_tp030_sl006_lh96,8,2025-12-19 02:35:00+00:00,2026-01-05 11:10:00+00:00,2026-01-05 11:15:00+00:00,2026-01-08 22:30:00+00:00,10,80,50.0,True,0.03,0.006,96,5.0,8,8,37.72293730454453,4.715367163068066,37.5,69.71073850454434,31.987801199999808,2.179291351371308,10037.722937304543,0.37722937304542936,2,5,1
SOLUSDT,5m,sma5_30_rsi60_macd_tp020_sl015_lh96,9,2025-12-22 13:55:00+00:00,2026-01-08 22:30:00+00:00,2026-01-08 22:35:00+00:00,2026-01-12 09:50:00+00:00,5,30,60.0,True,0.02,0.015,96,1.3333333333333335,11,8,-35.488002121417935,-4.436000265177242,25.0,21.10308087647047,56.59108299788841,0.3729047008564564,9964.51199787858,-0.3548800212141941,1,3,4
SOLUSDT,5m,sma5_30_rsi60_nomacd_tp020_sl015_lh96,9,2025-12-22 13:55:00+00:00,2026-01-08 22:30:00+00:00,2026-01-08 22:35:00+00:00,2026-01-12 09:50:00+00:00,5,30,60.0,False,0.02,0.015,96,1.3333333333333335,12,9,-50.88196272141806,-5.653551413490896,22.22222222222222,21.10308087647047,71.98504359788853,0.29315924283318023,9949.11803727858,-0.5088196272141977,1,4,4
SOLUSDT,5m,sma8_30_rsi65_macd_tp030_sl015_lh72,9,2025-12-22 13:55:00+00:00,2026-01-08 22:30:00+00:00,2026-01-08 22:35:00+00:00,2026-01-12 09:50:00+00:00,8,30,65.0,True,0.03,0.015,72,2.0,6,5,-47.129157219745025,-9.425831443949004,20.0,0.04016623761640403,47.16932345736143,0.0008515330446219392,9952.870842780254,-0.4712915721974605,0,3,2
SOLUSDT,5m,sma12_50_rsi65_macd_tp030_sl012_lh72,9,2025-12-22 13:55:00+00:00,2026-01-08 22:30:00+00:00,2026-01-08 22:35:00+00:00,2026-01-12 09:50:00+00:00,12,50,65.0,True,0.03,0.012,72,2.5,6,6,13.65374518953331,2.2756241982555516,33.33333333333333,39.46448049505079,25.810735305517483,1.528994816610846,10013.653745189533,0.13653745189532857,1,2,3
SOLUSDT,5m,sma10_80_rsi50_macd_tp030_sl006_lh96,9,2025-12-22 13:55:00+00:00,2026-01-08 22:30:00+00:00,2026-01-08 22:35:00+00:00,2026-01-12 09:50:00+00:00,10,80,50.0,True,0.03,0.006,96,5.0,10,7,39.55101939187,5.65014562741,42.857142857142854,59.21705757423888,19.66603818236888,3.0111330520718975,10039.55101939187,0.39551019391870795,2,3,2
SOLUSDT,5m,sma5_30_rsi60_macd_tp020_sl015_lh96,10,2025-12-26 01:15:00+00:00,2026-01-12 09:50:00+00:00,2026-01-12 09:55:00+00:00,2026-01-15 21:10:00+00:00,5,30,60.0,True,0.02,0.015,96,1.3333333333333335,8,8,12.499523794281345,1.562440474285168,50.0,60.4551974249581,47.955673630676756,1.2606474447746163,10012.499523794282,0.1249952379428214,3,3,2
SOLUSDT,5m,sma5_30_rsi60_nomacd_tp020_sl015_lh96,10,2025-12-26 01:15:00+00:00,2026-01-12 09:50:00+00:00,2026-01-12 09:55:00+00:00,2026-01-15 21:10:00+00:00,5,30,60.0,False,0.02,0.015,96,1.3333333333333335,8,8,12.499523794281345,1.562440474285168,50.0,60.4551974249581,47.955673630676756,1.2606474447746163,10012.499523794282,0.1249952379428214,3,3,2
SOLUSDT,5m,sma8_30_rsi65_macd_tp030_sl015_lh72,10,2025-12-26 01:15:00+00:00,2026-01-12 09:50:00+00:00,2026-01-12 09:55:00+00:00,2026-01-15 21:10:00+00:00,8,30,65.0,True,0.03,0.015,72,2.0,4,4,-34.36403922068928,-8.59100980517232,25.0,7.782115799112034,42.14615501980131,0.1846459254813589,9965.635960779311,-0.34364039220688936,0,2,2
SOLUSDT,5m,sma12_50_rsi65_macd_tp030_sl012_lh72,10,2025-12-26 01:15:00+00:00,2026-01-12 09:50:00+00:00,2026-01-12 09:55:00+00:00,2026-01-15 21:10:00+00:00,12,50,65.0,True,0.03,0.012,72,2.5,5,5,43.22464850164215,8.64492970032843,80.0,55.61980898164222,12.395160480000072,4.487219755757604,10043.224648501642,0.4322464850164215,0,1,4
SOLUSDT,5m,sma10_80_rsi50_macd_tp030_sl006_lh96,10,2025-12-26 01:15:00+00:00,2026-01-12 09:50:00+00:00,2026-01-12 09:55:00+00:00,2026-01-15 21:10:00+00:00,10,80,50.0,True,0.03,0.006,96,5.0,6,6,31.312523223648327,5.2187538706080545,50.0,50.50520394364821,19.192680719999885,2.631482526097507,10031.312523223649,0.31312523223648897,1,3,2
SOLUSDT,5m,sma5_30_rsi60_macd_tp020_sl015_lh96,11,2025-12-29 12:35:00+00:00,2026-01-15 21:10:00+00:00,2026-01-15 21:15:00+00:00,2026-01-19 08:30:00+00:00,5,30,60.0,True,0.02,0.015,96,1.3333333333333335,9,7,-12.899015937545528,-1.842716562506504,28.57142857142857,22.07135589062807,34.9703718281736,0.6311444441905093,9987.100984062454,-0.1289901593754621,1,2,4
SOLUSDT,5m,sma5_30_rsi60_nomacd_tp020_sl015_lh96,11,2025-12-29 12:35:00+00:00,2026-01-15 21:10:00+00:00,2026-01-15 21:15:00+00:00,2026-01-19 08:30:00+00:00,5,30,60.0,False,0.02,0.015,96,1.3333333333333335,10,8,-22.335526334140354,-2.7919407917675443,25.0,22.07135589062807,44.406882224768424,0.4970255686700187,9977.66447366586,-0.2233552633414001,1,2,5
SOLUSDT,5m,sma8_30_rsi65_macd_tp030_sl015_lh72,11,2025-12-29 12:35:00+00:00,2026-01-15 21:10:00+00:00,2026-01-15 21:15:00+00:00,2026-01-19 08:30:00+00:00,8,30,65.0,True,0.03,0.015,72,2.0,6,5,-36.351123995210514,-7.2702247990421025,20.0,3.604622673601284,39.9557466688118,0.09021537511185942,9963.648876004789,-0.3635112399521131,0,2,3
SOLUSDT,5m,sma12_50_rsi65_macd_tp030_sl012_lh72,11,2025-12-29 12:35:00+00:00,2026-01-15 21:10:00+00:00,2026-01-15 21:15:00+00:00,2026-01-19 08:30:00+00:00,12,50,65.0,True,0.03,0.012,72,2.5,6,5,8.743860347816621,1.7487720695633242,40.0,13.281473494966917,4.537613147150296,2.9269735132242216,10008.743860347815,0.08743860347814916,0,0,5
SOLUSDT,5m,sma10_80_rsi50_macd_tp030_sl006_lh96,11,2025-12-29 12:35:00+00:00,2026-01-15 21:10:00+00:00,2026-01-15 21:15:00+00:00,2026-01-19 08:30:00+00:00,10,80,50.0,True,0.03,0.006,96,5.0,11,7,-15.82933373142555,-2.26133339020365,28.57142857142857,13.697678803432154,29.527012534857704,0.46390330844549715,9984.170666268574,-0.15829333731426232,0,4,3
SOLUSDT,5m,sma5_30_rsi60_macd_tp020_sl015_lh96,12,2026-01-01 23:55:00+00:00,2026-01-19 08:30:00+00:00,2026-01-19 08:35:00+00:00,2026-01-22 19:50:00+00:00,5,30,60.0,True,0.02,0.015,96,1.3333333333333335,10,7,26.678402443288064,3.811200349041152,42.857142857142854,48.387402465422156,21.70900002213409,2.228909780095226,10026.678402443289,0.26678402443289084,2,1,4
SOLUSDT,5m,sma5_30_rsi60_nomacd_tp020_sl015_lh96,12,2026-01-01 23:55:00+00:00,2026-01-19 08:30:00+00:00,2026-01-19 08:35:00+00:00,2026-01-22 19:50:00+00:00,5,30,60.0,False,0.02,0.015,96,1.3333333333333335,10,7,26.678402443288064,3.811200349041152,42.857142857142854,48.387402465422156,21.70900002213409,2.228909780095226,10026.678402443289,0.26678402443289084,2,1,4
SOLUSDT,5m,sma8_30_rsi65_macd_tp030_sl015_lh72,12,2026-01-01 23:55:00+00:00,2026-01-19 08:30:00+00:00,2026-01-19 08:35:00+00:00,2026-01-22 19:50:00+00:00,8,30,65.0,True,0.03,0.015,72,2.0,8,6,26.325353243241466,4.387558873873577,50.0,60.351481813359214,34.02612857011775,1.7736805316829602,10026.32535324324,0.26325353243240895,1,2,3
SOLUSDT,5m,sma12_50_rsi65_macd_tp030_sl012_lh72,12,2026-01-01 23:55:00+00:00,2026-01-19 08:30:00+00:00,2026-01-19 08:35:00+00:00,2026-01-22 19:50:00+00:00,12,50,65.0,True,0.03,0.012,72,2.5,7,7,-47.22332663531313,-6.746189519330447,14.285714285714285,7.374445213292347,54.597771848605475,0.13506861111001003,9952.776673364686,-0.4722332663531415,0,4,3
SOLUSDT,5m,sma10_80_rsi50_macd_tp030_sl006_lh96,12,2026-01-01 23:55:00+00:00,2026-01-19 08:30:00+00:00,2026-01-19 08:35:00+00:00,2026-01-22 19:50:00+00:00,10,80,50.0,True,0.03,0.006,96,5.0,8,8,-36.16624947016271,-4.520781183770339,12.5,3.3258360801365825,39.492085550299294,0.08421525563395771,9963.833750529835,-0.36166249470164985,0,6,2
SOLUSDT,5m,sma5_30_rsi60_macd_tp020_sl015_lh96,13,2026-01-05 11:15:00+00:00,2026-01-22 19:50:00+00:00,2026-01-22 19:55:00+00:00,2026-01-26 07:10:00+00:00,5,30,60.0,True,0.02,0.015,96,1.3333333333333335,4,3,32.505719841343875,10.835239947114625,66.66666666666666,39.18408160000001,6.678361758656138,5.867319413958324,10032.505719841343,0.32505719841343306,2,0,1
SOLUSDT,5m,sma5_30_rsi60_nomacd_tp020_sl015_lh96,13,2026-01-05 11:15:00+00:00,2026-01-22 19:50:00+00:00,2026-01-22 19:55:00+00:00,2026-01-26 07:10:00+00:00,5,30,60.0,False,0.02,0.015,96,1.3333333333333335,4,3,32.505719841343875,10.835239947114625,66.66666666666666,39.18408160000001,6.678361758656138,5.867319413958324,10032.505719841343,0.32505719841343306,2,0,1
SOLUSDT,5m,sma8_30_rsi65_macd_tp030_sl015_lh72,13,2026-01-05 11:15:00+00:00,2026-01-22 19:50:00+00:00,2026-01-22 19:55:00+00:00,2026-01-26 07:10:00+00:00,8,30,65.0,True,0.03,0.015,72,2.0,4,4,-16.203070338148336,-4.050767584537084,25.0,1.8012827149036639,18.004353053052,0.10004706692853484,9983.79692966185,-0.162030703381497,0,0,4
SOLUSDT,5m,sma12_50_rsi65_macd_tp030_sl012_lh72,13,2026-01-05 11:15:00+00:00,2026-01-22 19:50:00+00:00,2026-01-22 19:55:00+00:00,2026-01-26 07:10:00+00:00,12,50,65.0,True,0.03,0.012,72,2.5,6,6,-42.41578920215807,-7.069298200359678,0.0,0.0,42.41578920215807,0.0,9957.584210797842,-0.42415789202157617,0,2,4
SOLUSDT,5m,sma10_80_rsi50_macd_tp030_sl006_lh96,13,2026-01-05 11:15:00+00:00,2026-01-22 19:50:00+00:00,2026-01-22 19:55:00+00:00,2026-01-26 07:10:00+00:00,10,80,50.0,True,0.03,0.006,96,5.0,10,6,-32.58788506915539,-5.431314178192565,0.0,0.0,32.58788506915539,0.0,9967.412114930843,-0.3258788506915698,0,4,2
SOLUSDT,5m,sma5_30_rsi60_macd_tp020_sl015_lh96,14,2026-01-08 22:35:00+00:00,2026-01-26 07:10:00+00:00,2026-01-26 07:15:00+00:00,2026-01-29 18:30:00+00:00,5,30,60.0,True,0.02,0.015,96,1.3333333333333335,6,5,-3.1834680791239407,-0.6366936158247881,40.0,29.208750518466786,32.39221859759073,0.9017212090757896,9996.816531920875,-0.03183468079125305,1,2,2
SOLUSDT,5m,sma5_30_rsi60_nomacd_tp020_sl015_lh96,14,2026-01-08 22:35:00+00:00,2026-01-26 07:10:00+00:00,2026-01-26 07:15:00+00:00,2026-01-29 18:30:00+00:00,5,30,60.0,False,0.02,0.015,96,1.3333333333333335,6,5,-3.1834680791239407,-0.6366936158247881,40.0,29.208750518466786,32.39221859759073,0.9017212090757896,9996.816531920875,-0.03183468079125305,1,2,2
SOLUSDT,5m,sma8_30_rsi65_macd_tp030_sl015_lh72,14,2026-01-08 22:35:00+00:00,2026-01-26 07:10:00+00:00,2026-01-26 07:15:00+00:00,2026-01-29 18:30:00+00:00,8,30,65.0,True,0.03,0.015,72,2.0,4,4,-22.190187739223916,-5.547546934805979,25.0,13.849335784024902,36.03952352324882,0.3842818780634212,9977.809812260775,-0.22190187739224715,0,2,2
SOLUSDT,5m,sma12_50_rsi65_macd_tp030_sl012_lh72,14,2026-01-08 22:35:00+00:00,2026-01-26 07:10:00+00:00,2026-01-26 07:15:00+00:00,2026-01-29 18:30:00+00:00,12,50,65.0,True,0.03,0.012,72,2.5,7,5,-3.1007987215886033,-0.6201597443177207,60.0,16.006562943644553,19.107361665233157,0.8377170654999079,9996.899201278411,-0.031007987215889442,0,1,4
SOLUSDT,5m,sma10_80_rsi50_macd_tp030_sl006_lh96,14,2026-01-08 22:35:00+00:00,2026-01-26 07:10:00+00:00,2026-01-26 07:15:00+00:00,2026-01-29 18:30:00+00:00,10,80,50.0,True,0.03,0.006,96,5.0,11,8,-2.052756973932901,-0.2565946217416126,25.0,34.51911451182764,36.57187148576054,0.9438706062736726,9997.947243026065,-0.020527569739351745,0,5,3
SOLUSDT,5m,sma5_30_rsi60_macd_tp020_sl015_lh96,15,2026-01-12 09:55:00+00:00,2026-01-29 18:30:00+00:00,2026-01-29 18:35:00+00:00,2026-02-02 05:50:00+00:00,5,30,60.0,True,0.02,0.015,96,1.3333333333333335,11,9,-91.28680046337752,-10.142977829264169,11.11111111111111,19.592040800000177,110.8788412633777,0.17669774121702744,9908.71319953662,-0.9128680046338014,1,7,1
SOLUSDT,5m,sma5_30_rsi60_nomacd_tp020_sl015_lh96,15,2026-01-12 09:55:00+00:00,2026-01-29 18:30:00+00:00,2026-01-29 18:35:00+00:00,2026-02-02 05:50:00+00:00,5,30,60.0,False,0.02,0.015,96,1.3333333333333335,11,9,-91.28680046337752,-10.142977829264169,11.11111111111111,19.592040800000177,110.8788412633777,0.17669774121702744,9908.71319953662,-0.9128680046338014,1,7,1
SOLUSDT,5m,sma8_30_rsi65_macd_tp030_sl015_lh72,15,2026-01-12 09:55:00+00:00,2026-01-29 18:30:00+00:00,2026-01-29 18:35:00+00:00,2026-02-02 05:50:00+00:00,8,30,65.0,True,0.03,0.015,72,2.0,5,5,-52.96196962756301,-10.592393925512601,20.0,8.613872772437276,61.57584240000028,0.1398904576324113,9947.038030372436,-0.5296196962756403,0,4,1
SOLUSDT,5m,sma12_50_rsi65_macd_tp030_sl012_lh72,15,2026-01-12 09:55:00+00:00,2026-01-29 18:30:00+00:00,2026-01-29 18:35:00+00:00,2026-02-02 05:50:00+00:00,12,50,65.0,True,0.03,0.012,72,2.5,6,6,-21.083548391304134,-3.5139247318840225,16.666666666666664,29.588041200000134,50.67158959130427,0.5839177621749156,9978.916451608695,-0.21083548391305157,1,4,1
SOLUSDT,5m,sma10_80_rsi50_macd_tp030_sl006_lh96,15,2026-01-12 09:55:00+00:00,2026-01-29 18:30:00+00:00,2026-01-29 18:35:00+00:00,2026-02-02 05:50:00+00:00,10,80,50.0,True,0.03,0.006,96,5.0,9,9,-52.942526798215226,-5.8825029775794695,0.0,0.0,52.942526798215226,0.0,9947.057473201781,-0.5294252679821875,0,8,1
SOLUSDT,5m,sma5_30_rsi60_macd_tp020_sl015_lh96,16,2026-01-15 21:15:00+00:00,2026-02-02 05:50:00+00:00,2026-02-02 05:55:00+00:00,2026-02-05 17:10:00+00:00,5,30,60.0,True,0.02,0.015,96,1.3333333333333335,9,7,42.1712040314153,6.024457718773614,57.14285714285714,78.36816319999991,36.19695916858461,2.165048252672444,10042.171204031416,0.4217120403141599,4,2,1
SOLUSDT,5m,sma5_30_rsi60_nomacd_tp020_sl015_lh96,16,2026-01-15 21:15:00+00:00,2026-02-02 05:50:00+00:00,2026-02-02 05:55:00+00:00,2026-02-05 17:10:00+00:00,5,30,60.0,False,0.02,0.015,96,1.3333333333333335,9,7,42.1712040314153,6.024457718773614,57.14285714285714,78.36816319999991,36.19695916858461,2.165048252672444,10042.171204031416,0.4217120403141599,4,2,1
SOLUSDT,5m,sma8_30_rsi65_macd_tp030_sl015_lh72,16,2026-01-15 21:15:00+00:00,2026-02-02 05:50:00+00:00,2026-02-02 05:55:00+00:00,2026-02-05 17:10:00+00:00,8,30,65.0,True,0.03,0.015,72,2.0,2,2,-30.787921200000028,-15.393960600000014,0.0,0.0,30.787921200000028,0.0,9969.2120788,-0.3078792120000071,0,2,0
SOLUSDT,5m,sma12_50_rsi65_macd_tp030_sl012_lh72,16,2026-01-15 21:15:00+00:00,2026-02-02 05:50:00+00:00,2026-02-02 05:55:00+00:00,2026-02-05 17:10:00+00:00,12,50,65.0,True,0.03,0.012,72,2.5,7,7,-55.07388278098051,-7.867697540140073,14.285714285714285,19.29708009901981,74.37096288000032,0.2594706233689108,9944.926117219018,-0.5507388278098188,0,6,1
SOLUSDT,5m,sma10_80_rsi50_macd_tp030_sl006_lh96,16,2026-01-15 21:15:00+00:00,2026-02-02 05:50:00+00:00,2026-02-02 05:55:00+00:00,2026-02-05 17:10:00+00:00,10,80,50.0,True,0.03,0.006,96,5.0,10,10,-27.99000096000009,-2.7990000960000088,10.0,29.588041199999907,57.578042159999995,0.5138771672329455,9972.009999039996,-0.2799000096000418,1,9,0
SOLUSDT,5m,sma5_30_rsi60_macd_tp020_sl015_lh96,17,2026-01-19 08:35:00+00:00,2026-02-05 17:10:00+00:00,2026-02-05 17:15:00+00:00,2026-02-09 04:30:00+00:00,5,30,60.0,True,0.02,0.015,96,1.3333333333333335,12,8,110.57293747072822,13.821617183841028,87.5,125.96689807072835,15.393960600000128,8.1828777755042,10110.57293747073,1.105729374707298,6,1,1
SOLUSDT,5m,sma5_30_rsi60_nomacd_tp020_sl015_lh96,17,2026-01-19 08:35:00+00:00,2026-02-05 17:10:00+00:00,2026-02-05 17:15:00+00:00,2026-02-09 04:30:00+00:00,5,30,60.0,False,0.02,0.015,96,1.3333333333333335,13,9,130.16497827072828,14.462775363414254,88.88888888888889,145.5589388707284,15.393960600000128,9.45558733408264,10130.16497827073,1.3016497827073,7,1,1
SOLUSDT,5m,sma8_30_rsi65_macd_tp030_sl015_lh72,17,2026-01-19 08:35:00+00:00,2026-02-05 17:10:00+00:00,2026-02-05 17:15:00+00:00,2026-02-09 04:30:00+00:00,8,30,65.0,True,0.03,0.015,72,2.0,7,6,-17.721670182241837,-2.9536116970403063,33.33333333333333,21.767342796767593,39.48901297900943,0.5512252941935553,9982.278329817756,-0.17721670182243543,0,2,4
SOLUSDT,5m,sma12_50_rsi65_macd_tp030_sl012_lh72,17,2026-01-19 08:35:00+00:00,2026-02-05 17:10:00+00:00,2026-02-05 17:15:00+00:00,2026-02-09 04:30:00+00:00,12,50,65.0,True,0.03,0.012,72,2.5,6,6,9.595440479999638,1.5992400799999398,33.33333333333333,59.176082399999814,49.580641920000176,1.1935319937059743,10009.59544048,0.09595440479999524,2,4,0
SOLUSDT,5m,sma10_80_rsi50_macd_tp030_sl006_lh96,17,2026-01-19 08:35:00+00:00,2026-02-05 17:10:00+00:00,2026-02-05 17:15:00+00:00,2026-02-09 04:30:00+00:00,10,80,50.0,True,0.03,0.006,96,5.0,9,9,-14.447325797414805,-1.6052584219349784,22.22222222222222,30.33559588258504,44.782921679999845,0.6773920669881837,9985.552674202581,-0.14447325797418673,1,7,1
SOLUSDT,5m,sma5_30_rsi60_macd_tp020_sl015_lh96,18,2026-01-22 19:55:00+00:00,2026-02-09 04:30:00+00:00,2026-02-09 04:35:00+00:00,2026-02-12 15:50:00+00:00,5,30,60.0,True,0.02,0.015,96,1.3333333333333335,12,9,-44.43199214165759,-4.936888015739732,33.33333333333333,47.93177145834272,92.36376360000031,0.5189456296510482,9955.568007858341,-0.44431992141659066,2,6,1
SOLUSDT,5m,sma5_30_rsi60_nomacd_tp020_sl015_lh96,18,2026-01-22 19:55:00+00:00,2026-02-09 04:30:00+00:00,2026-02-09 04:35:00+00:00,2026-02-12 15:50:00+00:00,5,30,60.0,False,0.02,0.015,96,1.3333333333333335,12,9,-44.43199214165759,-4.936888015739732,33.33333333333333,47.93177145834272,92.36376360000031,0.5189456296510482,9955.568007858341,-0.44431992141659066,2,6,1
SOLUSDT,5m,sma8_30_rsi65_macd_tp030_sl015_lh72,18,2026-01-22 19:55:00+00:00,2026-02-09 04:30:00+00:00,2026-02-09 04:35:00+00:00,2026-02-12 15:50:00+00:00,8,30,65.0,True,0.03,0.015,72,2.0,4,4,-27.32425863846504,-6.83106465961626,25.0,11.121363437734999,38.44562207620004,0.2892751589684833,9972.675741361534,-0.2732425863846583,0,2,2
SOLUSDT,5m,sma12_50_rsi65_macd_tp030_sl012_lh72,18,2026-01-22 19:55:00+00:00,2026-02-09 04:30:00+00:00,2026-02-09 04:35:00+00:00,2026-02-12 15:50:00+00:00,12,50,65.0,True,0.03,0.012,72,2.5,5,5,-0.2427452750350767,-0.04854905500701534,40.0,36.94273616496514,37.18548144000022,0.993472041623913,9999.757254724964,-0.002427452750362136,1,3,1
SOLUSDT,5m,sma10_80_rsi50_macd_tp030_sl006_lh96,18,2026-01-22 19:55:00+00:00,2026-02-09 04:30:00+00:00,2026-02-09 04:35:00+00:00,2026-02-12 15:50:00+00:00,10,80,50.0,True,0.03,0.006,96,5.0,9,9,-57.57804216000034,-6.397560240000037,0.0,0.0,57.57804216000034,0.0,9942.421957839995,-0.5757804216000477,0,9,0
SOLUSDT,5m,sma5_30_rsi60_macd_tp020_sl015_lh96,19,2026-01-26 07:15:00+00:00,2026-02-12 15:50:00+00:00,2026-02-12 15:55:00+00:00,2026-02-16 03:10:00+00:00,5,30,60.0,True,0.02,0.015,96,1.3333333333333335,7,6,84.7283272231947,14.12138787053245,83.33333333333334,90.48682373875238,5.758496515557681,15.713619604402798,10084.728327223194,0.8472832722319434,4,0,2
SOLUSDT,5m,sma5_30_rsi60_nomacd_tp020_sl015_lh96,19,2026-01-26 07:15:00+00:00,2026-02-12 15:50:00+00:00,2026-02-12 15:55:00+00:00,2026-02-16 03:10:00+00:00,5,30,60.0,False,0.02,0.015,96,1.3333333333333335,7,6,84.7283272231947,14.12138787053245,83.33333333333334,90.48682373875238,5.758496515557681,15.713619604402798,10084.728327223194,0.8472832722319434,4,0,2
SOLUSDT,5m,sma8_30_rsi65_macd_tp030_sl015_lh72,19,2026-01-26 07:15:00+00:00,2026-02-12 15:50:00+00:00,2026-02-12 15:55:00+00:00,2026-02-16 03:10:00+00:00,8,30,65.0,True,0.03,0.015,72,2.0,7,6,65.87734455205577,10.979557425342628,83.33333333333334,75.90892787687585,10.031583324820076,7.566993705675802,10065.877344552055,0.6587734455205464,1,0,5
SOLUSDT,5m,sma12_50_rsi65_macd_tp030_sl012_lh72,19,2026-01-26 07:15:00+00:00,2026-02-12 15:50:00+00:00,2026-02-12 15:55:00+00:00,2026-02-16 03:10:00+00:00,12,50,65.0,True,0.03,0.012,72,2.5,6,5,10.130254422228063,2.0260508844456124,40.0,25.984248488000162,15.853994065772099,1.6389717556472867,10010.130254422227,0.10130254422227153,0,1,4
SOLUSDT,5m,sma10_80_rsi50_macd_tp030_sl006_lh96,19,2026-01-26 07:15:00+00:00,2026-02-12 15:50:00+00:00,2026-02-12 15:55:00+00:00,2026-02-16 03:10:00+00:00,10,80,50.0,True,0.03,0.006,96,5.0,8,8,20.790720959999817,2.598840119999977,25.0,59.17608240000004,38.385361440000224,1.5416315016988333,10020.790720959998,0.20790720959997996,2,6,0
SOLUSDT,5m,sma5_30_rsi60_macd_tp020_sl015_lh96,20,2026-01-29 18:35:00+00:00,2026-02-16 03:10:00+00:00,2026-02-16 03:15:00+00:00,2026-02-19 14:30:00+00:00,5,30,60.0,True,0.02,0.015,96,1.3333333333333335,12,7,-18.25519692457317,-2.6078852749390244,42.857142857142854,31.6241002382925,49.87929716286567,0.6340125470299556,9981.744803075426,-0.18255196924574194,1,3,3
SOLUSDT,5m,sma5_30_rsi60_nomacd_tp020_sl015_lh96,20,2026-01-29 18:35:00+00:00,2026-02-16 03:10:00+00:00,2026-02-16 03:15:00+00:00,2026-02-19 14:30:00+00:00,5,30,60.0,False,0.02,0.015,96,1.3333333333333335,13,7,-18.25519692457317,-2.6078852749390244,42.857142857142854,31.6241002382925,49.87929716286567,0.6340125470299556,9981.744803075426,-0.18255196924574194,1,3,3
SOLUSDT,5m,sma8_30_rsi65_macd_tp030_sl015_lh72,20,2026-01-29 18:35:00+00:00,2026-02-16 03:10:00+00:00,2026-02-16 03:15:00+00:00,2026-02-19 14:30:00+00:00,8,30,65.0,True,0.03,0.015,72,2.0,9,7,26.76578508035402,3.823683582907717,57.14285714285714,52.840731792164206,26.074946711810185,2.026494334817986,10026.765785080355,0.2676578508035527,0,1,6
SOLUSDT,5m,sma12_50_rsi65_macd_tp030_sl012_lh72,20,2026-01-29 18:35:00+00:00,2026-02-16 03:10:00+00:00,2026-02-16 03:15:00+00:00,2026-02-19 14:30:00+00:00,12,50,65.0,True,0.03,0.012,72,2.5,10,7,-13.2758342848457,-1.8965477549779572,42.857142857142854,28.878270176366186,42.15410446121189,0.6850642552005473,9986.724165715154,-0.13275834284846497,0,3,4
SOLUSDT,5m,sma10_80_rsi50_macd_tp030_sl006_lh96,20,2026-01-29 18:35:00+00:00,2026-02-16 03:10:00+00:00,2026-02-16 03:15:00+00:00,2026-02-19 14:30:00+00:00,10,80,50.0,True,0.03,0.006,96,5.0,6,6,6.44266523995077,1.073777539991795,33.33333333333333,32.03290619995096,25.590240960000187,1.2517625859803831,10006.442665239949,0.06442665239948837,0,4,2
SOLUSDT,5m,sma5_30_rsi60_macd_tp020_sl015_lh96,21,2026-02-02 05:55:00+00:00,2026-02-19 14:30:00+00:00,2026-02-19 14:35:00+00:00,2026-02-23 01:50:00+00:00,5,30,60.0,True,0.02,0.015,96,1.3333333333333335,10,7,19.17529213321984,2.7393274476028346,42.857142857142854,58.77612239999996,39.60083026678012,1.4842143966184815,10019.175292133219,0.19175292133219043,3,2,2
SOLUSDT,5m,sma5_30_rsi60_nomacd_tp020_sl015_lh96,21,2026-02-02 05:55:00+00:00,2026-02-19 14:30:00+00:00,2026-02-19 14:35:00+00:00,2026-02-23 01:50:00+00:00,5,30,60.0,False,0.02,0.015,96,1.3333333333333335,10,7,19.17529213321984,2.7393274476028346,42.857142857142854,58.77612239999996,39.60083026678012,1.4842143966184815,10019.175292133219,0.19175292133219043,3,2,2
SOLUSDT,5m,sma8_30_rsi65_macd_tp030_sl015_lh72,21,2026-02-02 05:55:00+00:00,2026-02-19 14:30:00+00:00,2026-02-19 14:35:00+00:00,2026-02-23 01:50:00+00:00,8,30,65.0,True,0.03,0.015,72,2.0,5,4,55.312305833146866,13.828076458286716,75.0,55.95183444668794,0.6395286135410743,87.48918072153528,10055.312305833146,0.5531230583314573,0,0,4
SOLUSDT,5m,sma12_50_rsi65_macd_tp030_sl012_lh72,21,2026-02-02 05:55:00+00:00,2026-02-19 14:30:00+00:00,2026-02-19 14:35:00+00:00,2026-02-23 01:50:00+00:00,12,50,65.0,True,0.03,0.012,72,2.5,7,6,-2.3918613822913812,-0.3986435637152302,33.33333333333333,28.017907114907075,30.409768497198456,0.9213456234462378,9997.608138617707,-0.023918613822934275,0,2,4
SOLUSDT,5m,sma10_80_rsi50_macd_tp030_sl006_lh96,21,2026-02-02 05:55:00+00:00,2026-02-19 14:30:00+00:00,2026-02-19 14:35:00+00:00,2026-02-23 01:50:00+00:00,10,80,50.0,True,0.03,0.006,96,5.0,11,8,-26.275681490852776,-3.284460186356597,12.5,18.507240189147524,44.7829216800003,0.41326558194198193,9973.724318509143,-0.262756814908571,0,7,1
SOLUSDT,5m,sma5_30_rsi60_macd_tp020_sl015_lh96,22,2026-02-05 17:15:00+00:00,2026-02-23 01:50:00+00:00,2026-02-23 01:55:00+00:00,2026-02-26 13:10:00+00:00,5,30,60.0,True,0.02,0.015,96,1.3333333333333335,12,10,-66.22964732606715,-6.622964732606715,30.0,41.5280768739334,107.75772420000055,0.38538375956099846,9933.770352673931,-0.6622964732606851,2,7,1
SOLUSDT,5m,sma5_30_rsi60_nomacd_tp020_sl015_lh96,22,2026-02-05 17:15:00+00:00,2026-02-23 01:50:00+00:00,2026-02-23 01:55:00+00:00,2026-02-26 13:10:00+00:00,5,30,60.0,False,0.02,0.015,96,1.3333333333333335,12,10,-66.22964732606715,-6.622964732606715,30.0,41.5280768739334,107.75772420000055,0.38538375956099846,9933.770352673931,-0.6622964732606851,2,7,1
SOLUSDT,5m,sma8_30_rsi65_macd_tp030_sl015_lh72,22,2026-02-05 17:15:00+00:00,2026-02-23 01:50:00+00:00,2026-02-23 01:55:00+00:00,2026-02-26 13:10:00+00:00,8,30,65.0,True,0.03,0.015,72,2.0,8,7,0.1735783686075365,0.024796909801076645,42.857142857142854,61.74942076860782,61.57584240000028,1.0028189361581115,10000.173578368607,0.0017357836860719543,2,4,1
SOLUSDT,5m,sma12_50_rsi65_macd_tp030_sl012_lh72,22,2026-02-05 17:15:00+00:00,2026-02-23 01:50:00+00:00,2026-02-23 01:55:00+00:00,2026-02-26 13:10:00+00:00,12,50,65.0,True,0.03,0.012,72,2.5,4,4,23.883141136686163,5.970785284171541,50.0,48.673462096686194,24.79032096000003,1.9634058863224226,10023.883141136686,0.2388314113668639,1,2,1
SOLUSDT,5m,sma10_80_rsi50_macd_tp030_sl006_lh96,22,2026-02-05 17:15:00+00:00,2026-02-23 01:50:00+00:00,2026-02-23 01:55:00+00:00,2026-02-26 13:10:00+00:00,10,80,50.0,True,0.03,0.006,96,5.0,8,8,-15.118651240199142,-1.8898314050248928,12.5,24.350313222711748,39.46896446291089,0.6169483682703105,9984.881348759798,-0.15118651240201872,0,6,2
SOLUSDT,5m,sma5_30_rsi60_macd_tp020_sl015_lh96,23,2026-02-09 04:35:00+00:00,2026-02-26 13:10:00+00:00,2026-02-26 13:15:00+00:00,2026-03-02 00:30:00+00:00,5,30,60.0,True,0.02,0.015,96,1.3333333333333335,7,6,4.910207458135574,0.8183679096892623,50.0,51.09208925813584,46.18188180000027,1.106323243374971,10004.910207458135,0.049102074581351185,2,3,1
SOLUSDT,5m,sma5_30_rsi60_nomacd_tp020_sl015_lh96,23,2026-02-09 04:35:00+00:00,2026-02-26 13:10:00+00:00,2026-02-26 13:15:00+00:00,2026-03-02 00:30:00+00:00,5,30,60.0,False,0.02,0.015,96,1.3333333333333335,8,7,-10.483753141864554,-1.4976790202663648,42.857142857142854,51.09208925813584,61.5758424000004,0.8297424325312278,9989.516246858135,-0.10483753141865236,2,4,1
SOLUSDT,5m,sma8_30_rsi65_macd_tp030_sl015_lh72,23,2026-02-09 04:35:00+00:00,2026-02-26 13:10:00+00:00,2026-02-26 13:15:00+00:00,2026-03-02 00:30:00+00:00,8,30,65.0,True,0.03,0.015,72,2.0,7,5,26.083017329124118,5.216603465824823,60.0,56.87093852912426,30.78792120000014,1.8471834509282816,10026.083017329123,0.26083017329123326,1,2,2
SOLUSDT,5m,sma12_50_rsi65_macd_tp030_sl012_lh72,23,2026-02-09 04:35:00+00:00,2026-02-26 13:10:00+00:00,2026-02-26 13:15:00+00:00,2026-03-02 00:30:00+00:00,12,50,65.0,True,0.03,0.012,72,2.5,3,3,-37.18548144000022,-12.395160480000072,0.0,0.0,37.18548144000022,0.0,9962.814518559999,-0.3718548144000124,0,3,0
SOLUSDT,5m,sma10_80_rsi50_macd_tp030_sl006_lh96,23,2026-02-09 04:35:00+00:00,2026-02-26 13:10:00+00:00,2026-02-26 13:15:00+00:00,2026-03-02 00:30:00+00:00,10,80,50.0,True,0.03,0.006,96,5.0,6,6,-27.356217374496737,-4.559369562416123,16.666666666666664,4.631583825503299,31.987801200000035,0.14479219114014294,9972.6437826255,-0.27356217374499464,0,5,1
SOLUSDT,5m,sma5_30_rsi60_macd_tp020_sl015_lh96,24,2026-02-12 15:55:00+00:00,2026-03-02 00:30:00+00:00,2026-03-02 00:35:00+00:00,2026-03-05 11:50:00+00:00,5,30,60.0,True,0.02,0.015,96,1.3333333333333335,10,7,32.18628139999987,4.598040199999981,57.14285714285714,78.36816320000025,46.18188180000038,1.696946078104587,10032.1862814,0.3218628139999964,4,3,0
SOLUSDT,5m,sma5_30_rsi60_nomacd_tp020_sl015_lh96,24,2026-02-12 15:55:00+00:00,2026-03-02 00:30:00+00:00,2026-03-02 00:35:00+00:00,2026-03-05 11:50:00+00:00,5,30,60.0,False,0.02,0.015,96,1.3333333333333335,11,7,32.18628139999987,4.598040199999981,57.14285714285714,78.36816320000025,46.18188180000038,1.696946078104587,10032.1862814,0.3218628139999964,4,3,0
SOLUSDT,5m,sma8_30_rsi65_macd_tp030_sl015_lh72,24,2026-02-12 15:55:00+00:00,2026-03-02 00:30:00+00:00,2026-03-02 00:35:00+00:00,2026-03-05 11:50:00+00:00,8,30,65.0,True,0.03,0.015,72,2.0,7,6,35.94589429819348,5.990982383032247,50.0,71.68059163535258,35.734697337159105,2.0059101371152446,10035.945894298193,0.35945894298192793,2,2,2
SOLUSDT,5m,sma12_50_rsi65_macd_tp030_sl012_lh72,24,2026-02-12 15:55:00+00:00,2026-03-02 00:30:00+00:00,2026-03-02 00:35:00+00:00,2026-03-05 11:50:00+00:00,12,50,65.0,True,0.03,0.012,72,2.5,8,7,3.4802433264876527,0.49717761806966465,42.857142857142854,50.83944839819526,47.359205071707606,1.0734861009853975,10003.480243326487,0.034802433264867434,1,3,3
SOLUSDT,5m,sma10_80_rsi50_macd_tp030_sl006_lh96,24,2026-02-12 15:55:00+00:00,2026-03-02 00:30:00+00:00,2026-03-02 00:35:00+00:00,2026-03-05 11:50:00+00:00,10,80,50.0,True,0.03,0.006,96,5.0,8,8,36.130377648598255,4.516297206074782,37.5,68.11817884859818,31.98780119999992,2.1295048828988703,10036.130377648597,0.3613037764859655,2,5,1
SOLUSDT,5m,sma5_30_rsi60_macd_tp020_sl015_lh96,25,2026-02-16 03:15:00+00:00,2026-03-05 11:50:00+00:00,2026-03-05 11:55:00+00:00,2026-03-08 23:10:00+00:00,5,30,60.0,True,0.02,0.015,96,1.3333333333333335,8,5,-69.98768390872283,-13.997536781744566,0.0,0.0,69.98768390872283,0.0,9930.012316091275,-0.6998768390872464,0,4,1
SOLUSDT,5m,sma5_30_rsi60_nomacd_tp020_sl015_lh96,25,2026-02-16 03:15:00+00:00,2026-03-05 11:50:00+00:00,2026-03-05 11:55:00+00:00,2026-03-08 23:10:00+00:00,5,30,60.0,False,0.02,0.015,96,1.3333333333333335,8,5,-69.98768390872283,-13.997536781744566,0.0,0.0,69.98768390872283,0.0,9930.012316091275,-0.6998768390872464,0,4,1
SOLUSDT,5m,sma8_30_rsi65_macd_tp030_sl015_lh72,25,2026-02-16 03:15:00+00:00,2026-03-05 11:50:00+00:00,2026-03-05 11:55:00+00:00,2026-03-08 23:10:00+00:00,8,30,65.0,True,0.03,0.015,72,2.0,5,5,-49.17886466626544,-9.835772933253088,20.0,0.0504624580376003,49.22932712430304,0.001025048705422758,9950.821135333734,-0.49178864666266237,0,2,3
SOLUSDT,5m,sma12_50_rsi65_macd_tp030_sl012_lh72,25,2026-02-16 03:15:00+00:00,2026-03-05 11:50:00+00:00,2026-03-05 11:55:00+00:00,2026-03-08 23:10:00+00:00,12,50,65.0,True,0.03,0.012,72,2.5,6,5,-33.12227401535199,-6.624454803070398,20.0,4.324276737760442,37.44655075311243,0.11547863957539595,9966.877725984647,-0.33122274015353464,0,2,3
SOLUSDT,5m,sma10_80_rsi50_macd_tp030_sl006_lh96,25,2026-02-16 03:15:00+00:00,2026-03-05 11:50:00+00:00,2026-03-05 11:55:00+00:00,2026-03-08 23:10:00+00:00,10,80,50.0,True,0.03,0.006,96,5.0,8,8,-51.18048191999992,-6.39756023999999,0.0,0.0,51.18048191999992,0.0,9948.819518079996,-0.5118048192000424,0,8,0
SOLUSDT,5m,sma5_30_rsi60_macd_tp020_sl015_lh96,26,2026-02-19 14:35:00+00:00,2026-03-08 23:10:00+00:00,2026-03-08 23:15:00+00:00,2026-03-12 10:30:00+00:00,5,30,60.0,True,0.02,0.015,96,1.3333333333333335,15,10,12.994212614301887,1.2994212614301888,60.0,74.57005501430206,61.57584240000017,1.2110277684857438,10012.994212614301,0.1299421261430143,3,4,3
SOLUSDT,5m,sma5_30_rsi60_nomacd_tp020_sl015_lh96,26,2026-02-19 14:35:00+00:00,2026-03-08 23:10:00+00:00,2026-03-08 23:15:00+00:00,2026-03-12 10:30:00+00:00,5,30,60.0,False,0.02,0.015,96,1.3333333333333335,16,10,5.054751782220023,0.5054751782220024,60.0,66.63059418222042,61.5758424000004,1.0820898518835365,10005.05475178222,0.050547517822196825,3,4,3
SOLUSDT,5m,sma8_30_rsi65_macd_tp030_sl015_lh72,26,2026-02-19 14:35:00+00:00,2026-03-08 23:10:00+00:00,2026-03-08 23:15:00+00:00,2026-03-12 10:30:00+00:00,8,30,65.0,True,0.03,0.015,72,2.0,9,6,-6.998370578557569,-1.1663950964262615,50.0,26.725103943245927,33.723474521803496,0.7924777717066829,9993.001629421442,-0.06998370578558025,0,2,4
SOLUSDT,5m,sma12_50_rsi65_macd_tp030_sl012_lh72,26,2026-02-19 14:35:00+00:00,2026-03-08 23:10:00+00:00,2026-03-08 23:15:00+00:00,2026-03-12 10:30:00+00:00,12,50,65.0,True,0.03,0.012,72,2.5,7,6,48.674262072899296,8.112377012149883,66.66666666666666,73.46458303289921,24.790320959999917,2.963438156022142,10048.674262072898,0.4867426207289827,1,2,3
SOLUSDT,5m,sma10_80_rsi50_macd_tp030_sl006_lh96,26,2026-02-19 14:35:00+00:00,2026-03-08 23:10:00+00:00,2026-03-08 23:15:00+00:00,2026-03-12 10:30:00+00:00,10,80,50.0,True,0.03,0.006,96,5.0,12,12,-51.728032355589676,-4.310669362965807,16.666666666666664,12.247570044410395,63.97560240000007,0.19144126174590553,9948.271967644405,-0.5172803235559513,0,10,2
SOLUSDT,5m,sma5_30_rsi60_macd_tp020_sl015_lh96,27,2026-02-23 01:55:00+00:00,2026-03-12 10:30:00+00:00,2026-03-12 10:35:00+00:00,2026-03-15 21:50:00+00:00,5,30,60.0,True,0.02,0.015,96,1.3333333333333335,13,5,17.262777629860125,3.452555525972025,60.0,37.862467652937084,20.59969002307696,1.838011523985136,10017.262777629861,0.17262777629861376,1,1,3
SOLUSDT,5m,sma5_30_rsi60_nomacd_tp020_sl015_lh96,27,2026-02-23 01:55:00+00:00,2026-03-12 10:30:00+00:00,2026-03-12 10:35:00+00:00,2026-03-15 21:50:00+00:00,5,30,60.0,False,0.02,0.015,96,1.3333333333333335,13,5,17.262777629860125,3.452555525972025,60.0,37.862467652937084,20.59969002307696,1.838011523985136,10017.262777629861,0.17262777629861376,1,1,3
SOLUSDT,5m,sma8_30_rsi65_macd_tp030_sl015_lh72,27,2026-02-23 01:55:00+00:00,2026-03-12 10:30:00+00:00,2026-03-12 10:35:00+00:00,2026-03-15 21:50:00+00:00,8,30,65.0,True,0.03,0.015,72,2.0,7,5,16.597461271414545,3.319492254282909,40.0,23.172978070965883,6.5755167995513375,3.5241303120915193,10016.597461271414,0.16597461271414432,0,0,5
SOLUSDT,5m,sma12_50_rsi65_macd_tp030_sl012_lh72,27,2026-02-23 01:55:00+00:00,2026-03-12 10:30:00+00:00,2026-03-12 10:35:00+00:00,2026-03-15 21:50:00+00:00,12,50,65.0,True,0.03,0.012,72,2.5,7,6,56.54476059919784,9.424126766532973,66.66666666666666,81.33508155919787,24.79032096000003,3.2809208759513284,10056.5447605992,0.5654476059919944,2,2,2
SOLUSDT,5m,sma10_80_rsi50_macd_tp030_sl006_lh96,27,2026-02-23 01:55:00+00:00,2026-03-12 10:30:00+00:00,2026-03-12 10:35:00+00:00,2026-03-15 21:50:00+00:00,10,80,50.0,True,0.03,0.006,96,5.0,8,7,40.88218144919358,5.840311635599083,42.857142857142854,66.47242240919331,25.590240959999733,2.5975692262177903,10040.882181449193,0.40882181449193017,2,4,1
SOLUSDT,5m,sma5_30_rsi60_macd_tp020_sl015_lh96,28,2026-02-26 13:15:00+00:00,2026-03-15 21:50:00+00:00,2026-03-15 21:55:00+00:00,2026-03-19 09:10:00+00:00,5,30,60.0,True,0.02,0.015,96,1.3333333333333335,11,7,-31.264556464284396,-4.466365209183485,42.857142857142854,30.31128593571566,61.575842400000056,0.49225937891051297,9968.735443535714,-0.31264556464286214,1,4,2
SOLUSDT,5m,sma5_30_rsi60_nomacd_tp020_sl015_lh96,28,2026-02-26 13:15:00+00:00,2026-03-15 21:50:00+00:00,2026-03-15 21:55:00+00:00,2026-03-19 09:10:00+00:00,5,30,60.0,False,0.02,0.015,96,1.3333333333333335,11,7,-31.264556464284396,-4.466365209183485,42.857142857142854,30.31128593571566,61.575842400000056,0.49225937891051297,9968.735443535714,-0.31264556464286214,1,4,2
SOLUSDT,5m,sma8_30_rsi65_macd_tp030_sl015_lh72,28,2026-02-26 13:15:00+00:00,2026-03-15 21:50:00+00:00,2026-03-15 21:55:00+00:00,2026-03-19 09:10:00+00:00,8,30,65.0,True,0.03,0.015,72,2.0,7,6,-14.063410208567689,-2.343901701427948,33.33333333333333,13.056904728101927,27.120314936669615,0.4814436985186913,9985.936589791432,-0.14063410208567803,0,1,5
SOLUSDT,5m,sma12_50_rsi65_macd_tp030_sl012_lh72,28,2026-02-26 13:15:00+00:00,2026-03-15 21:50:00+00:00,2026-03-15 21:55:00+00:00,2026-03-19 09:10:00+00:00,12,50,65.0,True,0.03,0.012,72,2.5,6,6,-12.361088623625733,-2.0601814372709555,16.666666666666664,29.588041199999907,41.94912982362564,0.7053314651436703,9987.638911376374,-0.12361088623625618,1,3,2
SOLUSDT,5m,sma10_80_rsi50_macd_tp030_sl006_lh96,28,2026-02-26 13:15:00+00:00,2026-03-15 21:50:00+00:00,2026-03-15 21:55:00+00:00,2026-03-19 09:10:00+00:00,10,80,50.0,True,0.03,0.006,96,5.0,11,10,-22.326045593164054,-2.2326045593164054,10.0,29.588041200000134,51.91408679316419,0.5699424381263729,9977.673954406831,-0.22326045593168603,1,8,1
SOLUSDT,5m,sma5_30_rsi60_macd_tp020_sl015_lh96,29,2026-03-02 00:35:00+00:00,2026-03-19 09:10:00+00:00,2026-03-19 09:15:00+00:00,2026-03-22 20:30:00+00:00,5,30,60.0,True,0.02,0.015,96,1.3333333333333335,8,4,-4.911761188735227,-1.2279402971838067,50.0,20.95230262392954,25.864063812664767,0.8100932156558436,9995.088238811264,-0.049117611887359094,0,1,3
SOLUSDT,5m,sma5_30_rsi60_nomacd_tp020_sl015_lh96,29,2026-03-02 00:35:00+00:00,2026-03-19 09:10:00+00:00,2026-03-19 09:15:00+00:00,2026-03-22 20:30:00+00:00,5,30,60.0,False,0.02,0.015,96,1.3333333333333335,8,4,-4.911761188735227,-1.2279402971838067,50.0,20.95230262392954,25.864063812664767,0.8100932156558436,9995.088238811264,-0.049117611887359094,0,1,3
SOLUSDT,5m,sma8_30_rsi65_macd_tp030_sl015_lh72,29,2026-03-02 00:35:00+00:00,2026-03-19 09:10:00+00:00,2026-03-19 09:15:00+00:00,2026-03-22 20:30:00+00:00,8,30,65.0,True,0.03,0.015,72,2.0,7,6,-25.93527417990549,-4.3225456966509155,16.666666666666664,9.262353525907542,35.197627705813034,0.26315277845778867,9974.064725820095,-0.2593527417990481,0,1,5
SOLUSDT,5m,sma12_50_rsi65_macd_tp030_sl012_lh72,29,2026-03-02 00:35:00+00:00,2026-03-19 09:10:00+00:00,2026-03-19 09:15:00+00:00,2026-03-22 20:30:00+00:00,12,50,65.0,True,0.03,0.012,72,2.5,5,5,-49.8309684169642,-9.96619368339284,0.0,0.0,49.8309684169642,0.0,9950.169031583035,-0.4983096841696533,0,2,3
SOLUSDT,5m,sma10_80_rsi50_macd_tp030_sl006_lh96,29,2026-03-02 00:35:00+00:00,2026-03-19 09:10:00+00:00,2026-03-19 09:15:00+00:00,2026-03-22 20:30:00+00:00,10,80,50.0,True,0.03,0.006,96,5.0,11,10,-26.311863513695698,-2.63118635136957,20.0,24.86861840630411,51.18048191999981,0.4859004345675415,9973.6881364863,-0.2631186351369979,0,8,2
SOLUSDT,5m,sma5_30_rsi60_macd_tp020_sl015_lh96,30,2026-03-05 11:55:00+00:00,2026-03-22 20:30:00+00:00,2026-03-22 20:35:00+00:00,2026-03-26 07:50:00+00:00,5,30,60.0,True,0.02,0.015,96,1.3333333333333335,11,7,-2.59267800231612,-0.3703825717594457,42.857142857142854,50.47793069833335,53.07060870064947,0.9511466315198983,9997.407321997684,-0.025926780023164613,2,3,2
SOLUSDT,5m,sma5_30_rsi60_nomacd_tp020_sl015_lh96,30,2026-03-05 11:55:00+00:00,2026-03-22 20:30:00+00:00,2026-03-22 20:35:00+00:00,2026-03-26 07:50:00+00:00,5,30,60.0,False,0.02,0.015,96,1.3333333333333335,11,7,-2.59267800231612,-0.3703825717594457,42.857142857142854,50.47793069833335,53.07060870064947,0.9511466315198983,9997.407321997684,-0.025926780023164613,2,3,2
SOLUSDT,5m,sma8_30_rsi65_macd_tp030_sl015_lh72,30,2026-03-05 11:55:00+00:00,2026-03-22 20:30:00+00:00,2026-03-22 20:35:00+00:00,2026-03-26 07:50:00+00:00,8,30,65.0,True,0.03,0.015,72,2.0,6,6,39.7835081014905,6.630584683581749,66.66666666666666,62.940167297677704,23.156659196187206,2.7180158745887204,10039.783508101491,0.3978350810149095,1,1,4
SOLUSDT,5m,sma12_50_rsi65_macd_tp030_sl012_lh72,30,2026-03-05 11:55:00+00:00,2026-03-22 20:30:00+00:00,2026-03-22 20:35:00+00:00,2026-03-26 07:50:00+00:00,12,50,65.0,True,0.03,0.012,72,2.5,4,4,21.741504677771104,5.435376169442776,50.0,46.531825637771135,24.79032096000003,1.877015860861653,10021.741504677771,0.21741504677771445,1,2,1
SOLUSDT,5m,sma10_80_rsi50_macd_tp030_sl006_lh96,30,2026-03-05 11:55:00+00:00,2026-03-22 20:30:00+00:00,2026-03-22 20:35:00+00:00,2026-03-26 07:50:00+00:00,10,80,50.0,True,0.03,0.006,96,5.0,6,6,-15.405881772951602,-2.5676469621586,16.666666666666664,16.581919427048547,31.98780120000015,0.5183825960206502,9984.594118227045,-0.15405881772954672,0,5,1
SOLUSDT,5m,sma5_30_rsi60_macd_tp020_sl015_lh96,31,2026-03-08 23:15:00+00:00,2026-03-26 07:50:00+00:00,2026-03-26 07:55:00+00:00,2026-03-29 19:10:00+00:00,5,30,60.0,True,0.02,0.015,96,1.3333333333333335,13,8,-70.8537981713879,-8.856724771423487,12.5,1.4078529491198424,72.26165112050774,0.019482712161835673,9929.146201828611,-0.7085379817138892,0,4,4
SOLUSDT,5m,sma5_30_rsi60_nomacd_tp020_sl015_lh96,31,2026-03-08 23:15:00+00:00,2026-03-26 07:50:00+00:00,2026-03-26 07:55:00+00:00,2026-03-29 19:10:00+00:00,5,30,60.0,False,0.02,0.015,96,1.3333333333333335,13,8,-70.8537981713879,-8.856724771423487,12.5,1.4078529491198424,72.26165112050774,0.019482712161835673,9929.146201828611,-0.7085379817138892,0,4,4
SOLUSDT,5m,sma8_30_rsi65_macd_tp030_sl015_lh72,31,2026-03-08 23:15:00+00:00,2026-03-26 07:50:00+00:00,2026-03-26 07:55:00+00:00,2026-03-29 19:10:00+00:00,8,30,65.0,True,0.03,0.015,72,2.0,5,4,-18.156011966479127,-4.539002991619782,25.0,2.1306730126581215,20.28668497913725,0.10502815096943131,9981.84398803352,-0.18156011966479127,0,1,3
SOLUSDT,5m,sma12_50_rsi65_macd_tp030_sl012_lh72,31,2026-03-08 23:15:00+00:00,2026-03-26 07:50:00+00:00,2026-03-26 07:55:00+00:00,2026-03-29 19:10:00+00:00,12,50,65.0,True,0.03,0.012,72,2.5,8,7,-50.99479629515599,-7.284970899307999,0.0,0.0,50.99479629515599,0.0,9949.005203704843,-0.5099479629515736,0,3,4
SOLUSDT,5m,sma10_80_rsi50_macd_tp030_sl006_lh96,31,2026-03-08 23:15:00+00:00,2026-03-26 07:50:00+00:00,2026-03-26 07:55:00+00:00,2026-03-29 19:10:00+00:00,10,80,50.0,True,0.03,0.006,96,5.0,6,5,-21.27738645806562,-4.255477291613124,20.0,4.3128545019342255,25.590240959999846,0.16853512667878573,9978.722613541931,-0.21277386458068578,0,4,1
SOLUSDT,5m,sma5_30_rsi60_macd_tp020_sl015_lh96,32,2026-03-12 10:35:00+00:00,2026-03-29 19:10:00+00:00,2026-03-29 19:15:00+00:00,2026-04-02 06:30:00+00:00,5,30,60.0,True,0.02,0.015,96,1.3333333333333335,9,6,43.86280289267688,7.31046714877948,83.33333333333334,59.256763492676896,15.393960600000014,3.84935138087055,10043.862802892678,0.43862802892677794,2,1,3
SOLUSDT,5m,sma5_30_rsi60_nomacd_tp020_sl015_lh96,32,2026-03-12 10:35:00+00:00,2026-03-29 19:10:00+00:00,2026-03-29 19:15:00+00:00,2026-04-02 06:30:00+00:00,5,30,60.0,False,0.02,0.015,96,1.3333333333333335,9,6,43.86280289267688,7.31046714877948,83.33333333333334,59.256763492676896,15.393960600000014,3.84935138087055,10043.862802892678,0.43862802892677794,2,1,3
SOLUSDT,5m,sma8_30_rsi65_macd_tp030_sl015_lh72,32,2026-03-12 10:35:00+00:00,2026-03-29 19:10:00+00:00,2026-03-29 19:15:00+00:00,2026-04-02 06:30:00+00:00,8,30,65.0,True,0.03,0.015,72,2.0,4,4,2.368559108772274,0.5921397771930685,75.0,17.762519708772402,15.393960600000128,1.1538628797563801,10002.368559108772,0.02368559108772388,0,1,3
SOLUSDT,5m,sma12_50_rsi65_macd_tp030_sl012_lh72,32,2026-03-12 10:35:00+00:00,2026-03-29 19:10:00+00:00,2026-03-29 19:15:00+00:00,2026-04-02 06:30:00+00:00,12,50,65.0,True,0.03,0.012,72,2.5,9,6,45.583160019904426,7.597193336650737,66.66666666666666,70.37348097990457,24.790320960000145,2.8387482797602375,10045.583160019904,0.45583160019903524,2,2,2
SOLUSDT,5m,sma10_80_rsi50_macd_tp030_sl006_lh96,32,2026-03-12 10:35:00+00:00,2026-03-29 19:10:00+00:00,2026-03-29 19:15:00+00:00,2026-04-02 06:30:00+00:00,10,80,50.0,True,0.03,0.006,96,5.0,10,9,-50.25662775674493,-5.584069750749437,11.11111111111111,0.9238541632554416,51.180481920000375,0.01805090785779445,9949.74337224325,-0.5025662775674937,0,8,1
SOLUSDT,5m,sma5_30_rsi60_macd_tp020_sl015_lh96,33,2026-03-15 21:55:00+00:00,2026-04-02 06:30:00+00:00,2026-04-02 06:35:00+00:00,2026-04-05 17:50:00+00:00,5,30,60.0,True,0.02,0.015,96,1.3333333333333335,9,5,-2.3495978613898387,-0.46991957227796777,60.0,14.439444729650518,16.789042591040356,0.8600517064240623,9997.65040213861,-0.02349597861390066,0,1,4
SOLUSDT,5m,sma5_30_rsi60_nomacd_tp020_sl015_lh96,33,2026-03-15 21:55:00+00:00,2026-04-02 06:30:00+00:00,2026-04-02 06:35:00+00:00,2026-04-05 17:50:00+00:00,5,30,60.0,False,0.02,0.015,96,1.3333333333333335,10,5,-2.3495978613898387,-0.46991957227796777,60.0,14.439444729650518,16.789042591040356,0.8600517064240623,9997.65040213861,-0.02349597861390066,0,1,4
SOLUSDT,5m,sma8_30_rsi65_macd_tp030_sl015_lh72,33,2026-03-15 21:55:00+00:00,2026-04-02 06:30:00+00:00,2026-04-02 06:35:00+00:00,2026-04-05 17:50:00+00:00,8,30,65.0,True,0.03,0.015,72,2.0,6,5,7.793339477428503,1.5586678954857007,40.0,14.432172074105097,6.638832596676593,2.1739020925651684,10007.793339477428,0.07793339477428161,0,0,5
SOLUSDT,5m,sma12_50_rsi65_macd_tp030_sl012_lh72,33,2026-03-15 21:55:00+00:00,2026-04-02 06:30:00+00:00,2026-04-02 06:35:00+00:00,2026-04-05 17:50:00+00:00,12,50,65.0,True,0.03,0.012,72,2.5,4,4,0.23516257818630493,0.05879064454657623,50.0,5.741476619274863,5.506314041088558,1.0427078035200141,10000.235162578187,0.00235162578186646,0,0,4
SOLUSDT,5m,sma10_80_rsi50_macd_tp030_sl006_lh96,33,2026-03-15 21:55:00+00:00,2026-04-02 06:30:00+00:00,2026-04-02 06:35:00+00:00,2026-04-05 17:50:00+00:00,10,80,50.0,True,0.03,0.006,96,5.0,12,8,-14.547148328424669,-1.8183935410530836,37.5,12.687574593726708,27.234722922151377,0.4658602413541451,9985.452851671573,-0.14547148328427284,0,4,4
SOLUSDT,5m,sma5_30_rsi60_macd_tp020_sl015_lh96,34,2026-03-19 09:15:00+00:00,2026-04-05 17:50:00+00:00,2026-04-05 17:55:00+00:00,2026-04-09 05:10:00+00:00,5,30,60.0,True,0.02,0.015,96,1.3333333333333335,11,9,-55.02901365945172,-6.114334851050192,22.22222222222222,25.059856502580374,80.0888701620321,0.3129006121809489,9944.970986340548,-0.5502901365945218,1,4,4
SOLUSDT,5m,sma5_30_rsi60_nomacd_tp020_sl015_lh96,34,2026-03-19 09:15:00+00:00,2026-04-05 17:50:00+00:00,2026-04-05 17:55:00+00:00,2026-04-09 05:10:00+00:00,5,30,60.0,False,0.02,0.015,96,1.3333333333333335,11,9,-55.02901365945172,-6.114334851050192,22.22222222222222,25.059856502580374,80.0888701620321,0.3129006121809489,9944.970986340548,-0.5502901365945218,1,4,4
SOLUSDT,5m,sma8_30_rsi65_macd_tp030_sl015_lh72,34,2026-03-19 09:15:00+00:00,2026-04-05 17:50:00+00:00,2026-04-05 17:55:00+00:00,2026-04-09 05:10:00+00:00,8,30,65.0,True,0.03,0.015,72,2.0,6,6,-10.248007259226483,-1.7080012098710806,33.33333333333333,35.78126578043236,46.02927303965885,0.7773589156970436,9989.751992740774,-0.10248007259226143,1,2,3
SOLUSDT,5m,sma12_50_rsi65_macd_tp030_sl012_lh72,34,2026-03-19 09:15:00+00:00,2026-04-05 17:50:00+00:00,2026-04-05 17:55:00+00:00,2026-04-09 05:10:00+00:00,12,50,65.0,True,0.03,0.012,72,2.5,4,4,-49.580641920000176,-12.395160480000044,0.0,0.0,49.580641920000176,0.0,9950.419358079998,-0.49580641920001656,0,4,0
SOLUSDT,5m,sma10_80_rsi50_macd_tp030_sl006_lh96,34,2026-03-19 09:15:00+00:00,2026-04-05 17:50:00+00:00,2026-04-05 17:55:00+00:00,2026-04-09 05:10:00+00:00,10,80,50.0,True,0.03,0.006,96,5.0,11,11,11.497946357760497,1.0452678507054998,27.27272727272727,62.67842827776042,51.18048191999992,1.2246549060583858,10011.497946357757,0.11497946357756517,2,8,1
SOLUSDT,5m,sma5_30_rsi60_macd_tp020_sl015_lh96,35,2026-03-22 20:35:00+00:00,2026-04-09 05:10:00+00:00,2026-04-09 05:15:00+00:00,2026-04-12 16:30:00+00:00,5,30,60.0,True,0.02,0.015,96,1.3333333333333335,10,5,-15.728882444727105,-3.145776488945421,20.0,3.7521882791359076,19.481070723863013,0.19260688143489604,9984.271117555272,-0.15728882444727788,0,1,4
SOLUSDT,5m,sma5_30_rsi60_nomacd_tp020_sl015_lh96,35,2026-03-22 20:35:00+00:00,2026-04-09 05:10:00+00:00,2026-04-09 05:15:00+00:00,2026-04-12 16:30:00+00:00,5,30,60.0,False,0.02,0.015,96,1.3333333333333335,11,5,-15.728882444727219,-3.145776488945444,20.0,3.7521882791359076,19.481070723863127,0.1926068814348949,9984.271117555272,-0.15728882444727788,0,1,4
SOLUSDT,5m,sma8_30_rsi65_macd_tp030_sl015_lh72,35,2026-03-22 20:35:00+00:00,2026-04-09 05:10:00+00:00,2026-04-09 05:15:00+00:00,2026-04-12 16:30:00+00:00,8,30,65.0,True,0.03,0.015,72,2.0,9,7,35.05245920366826,5.007494171952609,42.857142857142854,47.00347939640585,11.951020192737587,3.933009788149215,10035.052459203667,0.3505245920366724,0,0,7
SOLUSDT,5m,sma12_50_rsi65_macd_tp030_sl012_lh72,35,2026-03-22 20:35:00+00:00,2026-04-09 05:10:00+00:00,2026-04-09 05:15:00+00:00,2026-04-12 16:30:00+00:00,12,50,65.0,True,0.03,0.012,72,2.5,5,4,32.08652226589231,8.021630566473078,75.0,33.58053557490359,1.4940133090112795,22.476731212740532,10032.086522265892,0.320865222658922,1,0,3
SOLUSDT,5m,sma10_80_rsi50_macd_tp030_sl006_lh96,35,2026-03-22 20:35:00+00:00,2026-04-09 05:10:00+00:00,2026-04-09 05:15:00+00:00,2026-04-12 16:30:00+00:00,10,80,50.0,True,0.03,0.006,96,5.0,7,7,31.006135014918186,4.429447859274027,42.857142857142854,56.596375974918146,25.59024095999996,2.211639040968149,10031.006135014917,0.31006135014917163,1,4,2
SOLUSDT,5m,sma5_30_rsi60_macd_tp020_sl015_lh96,36,2026-03-26 07:55:00+00:00,2026-04-12 16:30:00+00:00,2026-04-12 16:35:00+00:00,2026-04-16 03:50:00+00:00,5,30,60.0,True,0.02,0.015,96,1.3333333333333335,7,4,35.24889539076855,8.812223847692138,50.0,36.52201166443524,1.2731162736666874,28.687098279914856,10035.248895390769,0.3524889539076867,1,0,3
SOLUSDT,5m,sma5_30_rsi60_nomacd_tp020_sl015_lh96,36,2026-03-26 07:55:00+00:00,2026-04-12 16:30:00+00:00,2026-04-12 16:35:00+00:00,2026-04-16 03:50:00+00:00,5,30,60.0,False,0.02,0.015,96,1.3333333333333335,7,4,35.24889539076855,8.812223847692138,50.0,36.52201166443524,1.2731162736666874,28.687098279914856,10035.248895390769,0.3524889539076867,1,0,3
SOLUSDT,5m,sma8_30_rsi65_macd_tp030_sl015_lh72,36,2026-03-26 07:55:00+00:00,2026-04-12 16:30:00+00:00,2026-04-12 16:35:00+00:00,2026-04-16 03:50:00+00:00,8,30,65.0,True,0.03,0.015,72,2.0,7,4,31.50143857286139,7.875359643215347,75.0,46.8953991728614,15.393960600000014,3.046350474150321,10031.501438572861,0.31501438572860935,1,1,2
SOLUSDT,5m,sma12_50_rsi65_macd_tp030_sl012_lh72,36,2026-03-26 07:55:00+00:00,2026-04-12 16:30:00+00:00,2026-04-12 16:35:00+00:00,2026-04-16 03:50:00+00:00,12,50,65.0,True,0.03,0.012,72,2.5,6,5,20.729654210287322,4.1459308420574645,60.0,34.867657138024015,14.138002927736693,2.4662363783797763,10020.729654210289,0.20729654210288573,1,0,4
SOLUSDT,5m,sma10_80_rsi50_macd_tp030_sl006_lh96,36,2026-03-26 07:55:00+00:00,2026-04-12 16:30:00+00:00,2026-04-12 16:35:00+00:00,2026-04-16 03:50:00+00:00,10,80,50.0,True,0.03,0.006,96,5.0,11,9,-18.608675038483284,-2.067630559831476,22.22222222222222,26.174246641516675,44.78292167999996,0.5844693838545618,9981.391324961513,-0.1860867503848749,0,7,2
SOLUSDT,5m,sma5_30_rsi60_macd_tp020_sl015_lh96,37,2026-03-29 19:15:00+00:00,2026-04-16 03:50:00+00:00,2026-04-16 03:55:00+00:00,2026-04-19 15:10:00+00:00,5,30,60.0,True,0.02,0.015,96,1.3333333333333335,15,7,-34.74343472758551,-4.963347818226501,28.57142857142857,20.213354538222234,54.95678926580774,0.3678045025603106,9965.256565272413,-0.3474343472758665,1,2,4
SOLUSDT,5m,sma5_30_rsi60_nomacd_tp020_sl015_lh96,37,2026-03-29 19:15:00+00:00,2026-04-16 03:50:00+00:00,2026-04-16 03:55:00+00:00,2026-04-19 15:10:00+00:00,5,30,60.0,False,0.02,0.015,96,1.3333333333333335,16,8,-51.05582724689259,-6.381978405861574,25.0,20.213354538222234,71.26918178511482,0.2836198484664512,9948.944172753105,-0.510558272468952,1,3,4
SOLUSDT,5m,sma8_30_rsi65_macd_tp030_sl015_lh72,37,2026-03-29 19:15:00+00:00,2026-04-16 03:50:00+00:00,2026-04-16 03:55:00+00:00,2026-04-19 15:10:00+00:00,8,30,65.0,True,0.03,0.015,72,2.0,8,5,-3.603072021017283,-0.7206144042034566,40.0,38.51631646573321,42.119388486750495,0.9144557375957464,9996.396927978982,-0.03603072021018306,1,2,2
SOLUSDT,5m,sma12_50_rsi65_macd_tp030_sl012_lh72,37,2026-03-29 19:15:00+00:00,2026-04-16 03:50:00+00:00,2026-04-16 03:55:00+00:00,2026-04-19 15:10:00+00:00,12,50,65.0,True,0.03,0.012,72,2.5,6,5,23.1307618787082,4.62615237574164,60.0,47.92108283870812,24.790320959999917,1.9330561680113187,10023.130761878709,0.23130761878708656,1,2,2
SOLUSDT,5m,sma10_80_rsi50_macd_tp030_sl006_lh96,37,2026-03-29 19:15:00+00:00,2026-04-16 03:50:00+00:00,2026-04-16 03:55:00+00:00,2026-04-19 15:10:00+00:00,10,80,50.0,True,0.03,0.006,96,5.0,10,8,-22.05271199569836,-2.756588999462295,25.0,16.332649444301637,38.38536144,0.4254916153344325,9977.947288004298,-0.2205271199570234,0,6,2
SOLUSDT,5m,sma5_30_rsi60_macd_tp020_sl015_lh96,38,2026-04-02 06:35:00+00:00,2026-04-19 15:10:00+00:00,2026-04-19 15:15:00+00:00,2026-04-23 02:30:00+00:00,5,30,60.0,True,0.02,0.015,96,1.3333333333333335,12,6,24.23366346772366,4.0389439112872765,50.0,48.913280607172965,24.679617139449306,1.9819302840394226,10024.233663467725,0.2423366346772491,2,1,3
SOLUSDT,5m,sma5_30_rsi60_nomacd_tp020_sl015_lh96,38,2026-04-02 06:35:00+00:00,2026-04-19 15:10:00+00:00,2026-04-19 15:15:00+00:00,2026-04-23 02:30:00+00:00,5,30,60.0,False,0.02,0.015,96,1.3333333333333335,13,7,37.60748802549074,5.3724982893558195,57.14285714285714,62.287105164940044,24.679617139449306,2.5238278540948995,10037.607488025493,0.37607488025492786,2,1,4
SOLUSDT,5m,sma8_30_rsi65_macd_tp030_sl015_lh72,38,2026-04-02 06:35:00+00:00,2026-04-19 15:10:00+00:00,2026-04-19 15:15:00+00:00,2026-04-23 02:30:00+00:00,8,30,65.0,True,0.03,0.015,72,2.0,9,7,11.639435805922517,1.6627765437032167,71.42857142857143,32.09730153598218,20.457865730059666,1.5689467298057473,10011.63943580592,0.11639435805920584,0,1,6
SOLUSDT,5m,sma12_50_rsi65_macd_tp030_sl012_lh72,38,2026-04-02 06:35:00+00:00,2026-04-19 15:10:00+00:00,2026-04-19 15:15:00+00:00,2026-04-23 02:30:00+00:00,12,50,65.0,True,0.03,0.012,72,2.5,6,5,6.404528247320627,1.2809056494641253,40.0,32.4120482028826,26.007519955561975,1.2462567848938997,10006.40452824732,0.06404528247319831,0,2,3
SOLUSDT,5m,sma10_80_rsi50_macd_tp030_sl006_lh96,38,2026-04-02 06:35:00+00:00,2026-04-19 15:10:00+00:00,2026-04-19 15:15:00+00:00,2026-04-23 02:30:00+00:00,10,80,50.0,True,0.03,0.006,96,5.0,7,7,9.360144748634184,1.337163535519169,28.57142857142857,32.97713607799085,23.616991329356665,1.3963309558825654,10009.360144748634,0.09360144748634411,1,3,3
SOLUSDT,5m,sma5_30_rsi60_macd_tp020_sl015_lh96,39,2026-04-05 17:55:00+00:00,2026-04-23 02:30:00+00:00,2026-04-23 02:35:00+00:00,2026-04-26 13:50:00+00:00,5,30,60.0,True,0.02,0.015,96,1.3333333333333335,8,6,-0.19658964659925005,-0.03276494109987501,50.0,12.206891006552155,12.403480653151405,0.984150445177717,9999.803410353401,-0.001965896465990227,0,0,6
SOLUSDT,5m,sma5_30_rsi60_nomacd_tp020_sl015_lh96,39,2026-04-05 17:55:00+00:00,2026-04-23 02:30:00+00:00,2026-04-23 02:35:00+00:00,2026-04-26 13:50:00+00:00,5,30,60.0,False,0.02,0.015,96,1.3333333333333335,8,6,-0.19658964659925005,-0.03276494109987501,50.0,12.206891006552155,12.403480653151405,0.984150445177717,9999.803410353401,-0.001965896465990227,0,0,6
SOLUSDT,5m,sma8_30_rsi65_macd_tp030_sl015_lh72,39,2026-04-05 17:55:00+00:00,2026-04-23 02:30:00+00:00,2026-04-23 02:35:00+00:00,2026-04-26 13:50:00+00:00,8,30,65.0,True,0.03,0.015,72,2.0,7,7,-7.084799071131329,-1.0121141530187612,42.857142857142854,17.86414091578513,24.948939986916457,0.7160280527009689,9992.915200928872,-0.07084799071128146,0,0,7
SOLUSDT,5m,sma12_50_rsi65_macd_tp030_sl012_lh72,39,2026-04-05 17:55:00+00:00,2026-04-23 02:30:00+00:00,2026-04-23 02:35:00+00:00,2026-04-26 13:50:00+00:00,12,50,65.0,True,0.03,0.012,72,2.5,8,7,-22.511439203566397,-3.215919886223771,28.57142857142857,13.332774684034007,35.844213887600404,0.37196448849018326,9977.488560796433,-0.22511439203566624,0,2,5
SOLUSDT,5m,sma10_80_rsi50_macd_tp030_sl006_lh96,39,2026-04-05 17:55:00+00:00,2026-04-23 02:30:00+00:00,2026-04-23 02:35:00+00:00,2026-04-26 13:50:00+00:00,10,80,50.0,True,0.03,0.006,96,5.0,8,6,-2.7725776978140857,-0.4620962829690143,33.33333333333333,16.472537223136214,19.2451149209503,0.8559334299014318,9997.227422302183,-0.02772577697816814,0,3,3
SOLUSDT,5m,sma5_30_rsi60_macd_tp020_sl015_lh96,40,2026-04-09 05:15:00+00:00,2026-04-26 13:50:00+00:00,2026-04-26 13:55:00+00:00,2026-04-30 01:10:00+00:00,5,30,60.0,True,0.02,0.015,96,1.3333333333333335,8,5,-29.000797708134996,-5.800159541626999,40.0,9.673389069611403,38.6741867777464,0.2501252094892811,9970.999202291865,-0.29000797708134995,0,2,3
SOLUSDT,5m,sma5_30_rsi60_nomacd_tp020_sl015_lh96,40,2026-04-09 05:15:00+00:00,2026-04-26 13:50:00+00:00,2026-04-26 13:55:00+00:00,2026-04-30 01:10:00+00:00,5,30,60.0,False,0.02,0.015,96,1.3333333333333335,8,5,-29.000797708134996,-5.800159541626999,40.0,9.673389069611403,38.6741867777464,0.2501252094892811,9970.999202291865,-0.29000797708134995,0,2,3
SOLUSDT,5m,sma8_30_rsi65_macd_tp030_sl015_lh72,40,2026-04-09 05:15:00+00:00,2026-04-26 13:50:00+00:00,2026-04-26 13:55:00+00:00,2026-04-30 01:10:00+00:00,8,30,65.0,True,0.03,0.015,72,2.0,6,5,-16.67976451370373,-3.335952902740746,60.0,7.500765214027865,24.180529727731596,0.31019854810813197,9983.320235486295,-0.16679764513704867,0,0,5
SOLUSDT,5m,sma12_50_rsi65_macd_tp030_sl012_lh72,40,2026-04-09 05:15:00+00:00,2026-04-26 13:50:00+00:00,2026-04-26 13:55:00+00:00,2026-04-30 01:10:00+00:00,12,50,65.0,True,0.03,0.012,72,2.5,5,5,5.224732350788713,1.0449464701577427,60.0,27.74889773049199,22.524165379703277,1.2319611964622124,10005.224732350789,0.05224732350789054,0,1,4
SOLUSDT,5m,sma10_80_rsi50_macd_tp030_sl006_lh96,40,2026-04-09 05:15:00+00:00,2026-04-26 13:50:00+00:00,2026-04-26 13:55:00+00:00,2026-04-30 01:10:00+00:00,10,80,50.0,True,0.03,0.006,96,5.0,8,7,-2.6060792699117883,-0.3722970385588269,42.857142857142854,17.817385515630804,20.423464785542592,0.8723977886574571,9997.393920730086,-0.02606079269913607,0,3,4
SOLUSDT,5m,sma5_30_rsi60_macd_tp020_sl015_lh96,41,2026-04-12 16:35:00+00:00,2026-04-30 01:10:00+00:00,2026-04-30 01:15:00+00:00,2026-05-03 12:30:00+00:00,5,30,60.0,True,0.02,0.015,96,1.3333333333333335,8,4,-11.860019450757477,-2.9650048626893692,50.0,1.5779580083918745,13.437977459149351,0.1174252608466395,9988.139980549242,-0.11860019450758046,0,0,4
SOLUSDT,5m,sma5_30_rsi60_nomacd_tp020_sl015_lh96,41,2026-04-12 16:35:00+00:00,2026-04-30 01:10:00+00:00,2026-04-30 01:15:00+00:00,2026-05-03 12:30:00+00:00,5,30,60.0,False,0.02,0.015,96,1.3333333333333335,9,4,-9.364443012190577,-2.3411107530476443,50.0,4.073534446958774,13.437977459149351,0.3031359785609163,9990.635556987809,-0.09364443012191259,0,0,4
SOLUSDT,5m,sma8_30_rsi65_macd_tp030_sl015_lh72,41,2026-04-12 16:35:00+00:00,2026-04-30 01:10:00+00:00,2026-04-30 01:15:00+00:00,2026-05-03 12:30:00+00:00,8,30,65.0,True,0.03,0.015,72,2.0,4,4,-24.531580550580316,-6.132895137645079,0.0,0.0,24.531580550580316,0.0,9975.468419449418,-0.2453158055058157,0,0,4
SOLUSDT,5m,sma12_50_rsi65_macd_tp030_sl012_lh72,41,2026-04-12 16:35:00+00:00,2026-04-30 01:10:00+00:00,2026-04-30 01:15:00+00:00,2026-05-03 12:30:00+00:00,12,50,65.0,True,0.03,0.012,72,2.5,6,4,0.3578498362262508,0.0894624590565627,50.0,9.639895200283945,9.282045364057694,1.0385529074886803,10000.357849836226,0.00357849836225796,0,0,4
SOLUSDT,5m,sma10_80_rsi50_macd_tp030_sl006_lh96,41,2026-04-12 16:35:00+00:00,2026-04-30 01:10:00+00:00,2026-04-30 01:15:00+00:00,2026-05-03 12:30:00+00:00,10,80,50.0,True,0.03,0.006,96,5.0,11,7,2.5476593405467156,0.3639513343638165,71.42857142857143,15.342779820546752,12.795120480000037,1.1991117898834125,10002.547659340544,0.025476593405437595,0,2,5
SOLUSDT,5m,sma5_30_rsi60_macd_tp020_sl015_lh96,42,2026-04-16 03:55:00+00:00,2026-05-03 12:30:00+00:00,2026-05-03 12:35:00+00:00,2026-05-06 23:50:00+00:00,5,30,60.0,True,0.02,0.015,96,1.3333333333333335,11,7,29.441873649533022,4.205981949933289,71.42857142857143,52.834606764083446,23.392733114550424,2.258590584749586,10029.441873649534,0.2944187364953359,2,1,4
SOLUSDT,5m,sma5_30_rsi60_nomacd_tp020_sl015_lh96,42,2026-04-16 03:55:00+00:00,2026-05-03 12:30:00+00:00,2026-05-03 12:35:00+00:00,2026-05-06 23:50:00+00:00,5,30,60.0,False,0.02,0.015,96,1.3333333333333335,11,7,29.441873649533022,4.205981949933289,71.42857142857143,52.834606764083446,23.392733114550424,2.258590584749586,10029.441873649534,0.2944187364953359,2,1,4
SOLUSDT,5m,sma8_30_rsi65_macd_tp030_sl015_lh72,42,2026-04-16 03:55:00+00:00,2026-05-03 12:30:00+00:00,2026-05-03 12:35:00+00:00,2026-05-06 23:50:00+00:00,8,30,65.0,True,0.03,0.015,72,2.0,7,6,35.035278855442925,5.839213142573821,83.33333333333334,50.42923945544305,15.393960600000128,3.2759106487152265,10035.035278855443,0.35035278855442814,1,1,4
SOLUSDT,5m,sma12_50_rsi65_macd_tp030_sl012_lh72,42,2026-04-16 03:55:00+00:00,2026-05-03 12:30:00+00:00,2026-05-03 12:35:00+00:00,2026-05-06 23:50:00+00:00,12,50,65.0,True,0.03,0.012,72,2.5,5,5,24.764790148608085,4.952958029721617,60.0,41.90548711550775,17.140696966899668,2.4447948176454712,10024.764790148607,0.2476479014860706,1,1,3
SOLUSDT,5m,sma10_80_rsi50_macd_tp030_sl006_lh96,42,2026-04-16 03:55:00+00:00,2026-05-03 12:30:00+00:00,2026-05-03 12:35:00+00:00,2026-05-06 23:50:00+00:00,10,80,50.0,True,0.03,0.006,96,5.0,9,8,10.67790788409934,1.3347384855124176,50.0,36.26814884409953,25.590240960000187,1.4172648432967028,10010.677907884097,0.10677907884097296,0,4,4
SOLUSDT,5m,sma5_30_rsi60_macd_tp020_sl015_lh96,43,2026-04-19 15:15:00+00:00,2026-05-06 23:50:00+00:00,2026-05-06 23:55:00+00:00,2026-05-10 11:10:00+00:00,5,30,60.0,True,0.02,0.015,96,1.3333333333333335,6,5,20.024816273373744,4.004963254674749,60.0,25.574814047758878,5.549997774385133,4.6080764510923125,10020.024816273373,0.20024816273373292,0,0,5
SOLUSDT,5m,sma5_30_rsi60_nomacd_tp020_sl015_lh96,43,2026-04-19 15:15:00+00:00,2026-05-06 23:50:00+00:00,2026-05-06 23:55:00+00:00,2026-05-10 11:10:00+00:00,5,30,60.0,False,0.02,0.015,96,1.3333333333333335,6,5,20.024816273373744,4.004963254674749,60.0,25.574814047758878,5.549997774385133,4.6080764510923125,10020.024816273373,0.20024816273373292,0,0,5
SOLUSDT,5m,sma8_30_rsi65_macd_tp030_sl015_lh72,43,2026-04-19 15:15:00+00:00,2026-05-06 23:50:00+00:00,2026-05-06 23:55:00+00:00,2026-05-10 11:10:00+00:00,8,30,65.0,True,0.03,0.015,72,2.0,7,5,39.52308179263605,7.90461635852721,80.0,54.917042392636176,15.393960600000128,3.5674407528778347,10039.523081792635,0.3952308179263491,1,1,3
SOLUSDT,5m,sma12_50_rsi65_macd_tp030_sl012_lh72,43,2026-04-19 15:15:00+00:00,2026-05-06 23:50:00+00:00,2026-05-06 23:55:00+00:00,2026-05-10 11:10:00+00:00,12,50,65.0,True,0.03,0.012,72,2.5,11,8,21.495759563430852,2.6869699454288565,50.0,42.8882860012676,21.39252643783675,2.0048256631068835,10021.49575956343,0.214957595634296,0,1,7
SOLUSDT,5m,sma10_80_rsi50_macd_tp030_sl006_lh96,43,2026-04-19 15:15:00+00:00,2026-05-06 23:50:00+00:00,2026-05-06 23:55:00+00:00,2026-05-10 11:10:00+00:00,10,80,50.0,True,0.03,0.006,96,5.0,11,9,6.757972840319667,0.7508858711466296,44.44444444444444,38.74577404031959,31.98780119999992,1.211267188953259,10006.757972840316,0.06757972840316143,0,5,4
SOLUSDT,5m,sma5_30_rsi60_macd_tp020_sl015_lh96,44,2026-04-23 02:35:00+00:00,2026-05-10 11:10:00+00:00,2026-05-10 11:15:00+00:00,2026-05-13 22:30:00+00:00,5,30,60.0,True,0.02,0.015,96,1.3333333333333335,5,4,-3.4492270342086613,-0.8623067585521653,50.0,27.33869416579148,30.78792120000014,0.8879681738886402,9996.550772965791,-0.034492270342088883,1,2,1
SOLUSDT,5m,sma5_30_rsi60_nomacd_tp020_sl015_lh96,44,2026-04-23 02:35:00+00:00,2026-05-10 11:10:00+00:00,2026-05-10 11:15:00+00:00,2026-05-13 22:30:00+00:00,5,30,60.0,False,0.02,0.015,96,1.3333333333333335,7,5,-18.84318763420856,-3.7686375268417125,40.0,27.33869416579148,46.18188180000004,0.5919787825924291,9981.15681236579,-0.18843187634209244,1,3,1
SOLUSDT,5m,sma8_30_rsi65_macd_tp030_sl015_lh72,44,2026-04-23 02:35:00+00:00,2026-05-10 11:10:00+00:00,2026-05-10 11:15:00+00:00,2026-05-13 22:30:00+00:00,8,30,65.0,True,0.03,0.015,72,2.0,6,6,10.956756470959476,1.826126078493246,50.0,42.144637670959696,31.18788120000022,1.3513145506966788,10010.95675647096,0.1095675647095959,1,2,3
SOLUSDT,5m,sma12_50_rsi65_macd_tp030_sl012_lh72,44,2026-04-23 02:35:00+00:00,2026-05-10 11:10:00+00:00,2026-05-10 11:15:00+00:00,2026-05-13 22:30:00+00:00,12,50,65.0,True,0.03,0.012,72,2.5,8,8,-27.533066784692437,-3.4416333480865546,12.5,29.588041199999907,57.121107984692344,0.5179878725029123,9972.466933215306,-0.275330667846938,1,4,3
SOLUSDT,5m,sma10_80_rsi50_macd_tp030_sl006_lh96,44,2026-04-23 02:35:00+00:00,2026-05-10 11:10:00+00:00,2026-05-10 11:15:00+00:00,2026-05-13 22:30:00+00:00,10,80,50.0,True,0.03,0.006,96,5.0,12,10,0.9078544805653337,0.09078544805653337,30.0,45.69077616056518,44.782921679999845,1.0202723370094628,10000.907854480562,0.009078544805615821,1,7,2
