symbol,timeframe,model_name,fold,top_quantile,prediction_threshold,train_rows,test_rows,train_start,train_end,test_start,test_end,mae,rmse,corr,top_count,top_avg_actual_return,top_win_rate,top_avg_predicted_return,trade_count,total_pnl,avg_pnl,win_rate,final_equity,total_return
BTCUSDT,5m,RandomForestRegressor,1,0.8,5.156903958618054e-05,5000,1000,2025-11-18 01:55:00+00:00,2025-12-05 10:30:00+00:00,2025-12-05 10:35:00+00:00,2025-12-08 21:50:00+00:00,0.0015695099882019749,0.002380092961500228,-0.07999969921335918,132,-9.433541838307776e-05,49.24242424242424,0.0004588090132096321,24,-18.151974014758594,-0.7563322506149414,37.5,9981.84802598524,-0.18151974014759617
BTCUSDT,5m,RandomForestRegressor,1,0.9,0.0001436422131263145,5000,1000,2025-11-18 01:55:00+00:00,2025-12-05 10:30:00+00:00,2025-12-05 10:35:00+00:00,2025-12-08 21:50:00+00:00,0.0015695099882019749,0.002380092961500228,-0.07999969921335918,83,-0.00025150210590658344,46.98795180722892,0.0006796945719722037,17,19.25541077229434,1.132671221899667,47.05882352941176,10019.255410772294,0.19255410772293544
BTCUSDT,5m,RandomForestRegressor,1,0.95,0.00041147328089079915,5000,1000,2025-11-18 01:55:00+00:00,2025-12-05 10:30:00+00:00,2025-12-05 10:35:00+00:00,2025-12-08 21:50:00+00:00,0.0015695099882019749,0.002380092961500228,-0.07999969921335918,55,-0.0006070279523674889,50.90909090909091,0.000909063353013879,13,-9.592711780628747,-0.7379009062022113,46.15384615384615,9990.40728821937,-0.09592711780629543
BTCUSDT,5m,RandomForestRegressor,2,0.8,0.00011832121685104322,5000,1000,2025-11-21 13:15:00+00:00,2025-12-08 21:50:00+00:00,2025-12-08 21:55:00+00:00,2025-12-12 09:10:00+00:00,0.0017996834408578126,0.0026695688566178238,0.004167497274572578,257,0.00016671414810005825,56.42023346303502,0.00047045387026931675,36,-23.7369915227182,-0.659360875631061,44.44444444444444,9976.263008477279,-0.2373699152272093
BTCUSDT,5m,RandomForestRegressor,2,0.9,0.0003097976586860172,5000,1000,2025-11-21 13:15:00+00:00,2025-12-08 21:50:00+00:00,2025-12-08 21:55:00+00:00,2025-12-12 09:10:00+00:00,0.0017996834408578126,0.0026695688566178238,0.004167497274572578,156,0.0003067037452797196,57.05128205128205,0.0006340652086689604,25,-13.183269739116895,-0.5273307895646758,36.0,9986.81673026088,-0.13183269739120076
BTCUSDT,5m,RandomForestRegressor,2,0.95,0.0005292132426051823,5000,1000,2025-11-21 13:15:00+00:00,2025-12-08 21:50:00+00:00,2025-12-08 21:55:00+00:00,2025-12-12 09:10:00+00:00,0.0017996834408578126,0.0026695688566178238,0.004167497274572578,87,0.0007558507678665538,60.91954022988506,0.0008122870738498917,17,11.262351871984606,0.6624912865873298,47.05882352941176,10011.262351871981,0.11262351871981081
BTCUSDT,5m,RandomForestRegressor,3,0.8,0.00010098219007876049,5000,1000,2025-11-25 00:35:00+00:00,2025-12-12 09:10:00+00:00,2025-12-12 09:15:00+00:00,2025-12-15 20:30:00+00:00,0.001233136520393974,0.0020374052989342952,0.03237011456721692,117,-0.00048320655987349925,49.572649572649574,0.0003212650583451498,23,-76.48332396666467,-3.325361911594116,34.78260869565217,9923.516676033338,-0.7648332396666229
BTCUSDT,5m,RandomForestRegressor,3,0.9,0.00024992431397455285,5000,1000,2025-11-25 00:35:00+00:00,2025-12-12 09:10:00+00:00,2025-12-12 09:15:00+00:00,2025-12-15 20:30:00+00:00,0.001233136520393974,0.0020374052989342952,0.03237011456721692,57,-0.001028627727831366,47.368421052631575,0.00047793221659673266,17,-86.16572275132842,-5.068571926548731,23.52941176470588,9913.834277248672,-0.8616572275132784
BTCUSDT,5m,RandomForestRegressor,3,0.95,0.00041819201937965295,5000,1000,2025-11-25 00:35:00+00:00,2025-12-12 09:10:00+00:00,2025-12-12 09:15:00+00:00,2025-12-15 20:30:00+00:00,0.001233136520393974,0.0020374052989342952,0.03237011456721692,27,-0.00011320509288625923,51.85185185185185,0.0006614917579682651,7,-18.410516573299333,-2.630073796185619,28.57142857142857,9981.5894834267,-0.184105165732999
BTCUSDT,5m,RandomForestRegressor,4,0.8,-6.647210558965344e-07,5000,1000,2025-11-28 11:55:00+00:00,2025-12-15 20:30:00+00:00,2025-12-15 20:35:00+00:00,2025-12-19 07:50:00+00:00,0.002094825124919412,0.0033010872033610353,0.04289456054668252,261,0.00016766865149790095,47.89272030651341,0.00031644945842654635,49,-80.77330954807155,-1.6484348887361542,36.734693877551024,9919.226690451935,-0.807733095480653
BTCUSDT,5m,RandomForestRegressor,4,0.9,0.00010565101208318582,5000,1000,2025-11-28 11:55:00+00:00,2025-12-15 20:30:00+00:00,2025-12-15 20:35:00+00:00,2025-12-19 07:50:00+00:00,0.002094825124919412,0.0033010872033610353,0.04289456054668252,146,-4.447561889234993e-06,44.52054794520548,0.0005343040749509109,32,-68.81510729616264,-2.1504721030050824,34.375,9931.184892703839,-0.6881510729616093
BTCUSDT,5m,RandomForestRegressor,4,0.95,0.0003417644691066027,5000,1000,2025-11-28 11:55:00+00:00,2025-12-15 20:30:00+00:00,2025-12-15 20:35:00+00:00,2025-12-19 07:50:00+00:00,0.002094825124919412,0.0033010872033610353,0.04289456054668252,67,-0.00038739165697431816,38.80597014925373,0.000925790230171136,15,-39.186862483445,-2.612457498896333,26.666666666666668,9960.813137516554,-0.3918686248344602
BTCUSDT,5m,RandomForestRegressor,5,0.8,5.3418907643332586e-05,5000,1000,2025-12-01 23:15:00+00:00,2025-12-19 07:50:00+00:00,2025-12-19 07:55:00+00:00,2025-12-22 19:10:00+00:00,0.0012191487477981066,0.0018186688863560461,-0.003468046755858707,148,-7.729969896040327e-05,47.97297297297297,0.0002614283890270767,25,-37.6305441430203,-1.505221765720812,36.0,9962.369455856979,-0.37630544143021327
BTCUSDT,5m,RandomForestRegressor,5,0.9,0.00016737290113349893,5000,1000,2025-12-01 23:15:00+00:00,2025-12-19 07:50:00+00:00,2025-12-19 07:55:00+00:00,2025-12-22 19:10:00+00:00,0.0012191487477981066,0.0018186688863560461,-0.003468046755858707,72,-0.0003837792528462163,38.88888888888889,0.000433849296608959,18,-45.21241166832351,-2.511800648240195,22.22222222222222,9954.787588331676,-0.45212411668324426
BTCUSDT,5m,RandomForestRegressor,5,0.95,0.0004270467731555175,5000,1000,2025-12-01 23:15:00+00:00,2025-12-19 07:50:00+00:00,2025-12-19 07:55:00+00:00,2025-12-22 19:10:00+00:00,0.0012191487477981066,0.0018186688863560461,-0.003468046755858707,25,-0.0005544836546095799,36.0,0.0007788820368339764,9,-26.722708443963256,-2.9691898271070283,22.22222222222222,9973.27729155604,-0.2672270844396007
BTCUSDT,5m,RandomForestRegressor,6,0.8,3.9998432564817806e-05,5000,1000,2025-12-05 10:35:00+00:00,2025-12-22 19:10:00+00:00,2025-12-22 19:15:00+00:00,2025-12-26 06:30:00+00:00,0.0012209960161164242,0.0018300201633325984,-0.005716285849980547,147,0.0001975984487997159,52.38095238095239,0.00014145675173925888,38,-59.05268139958264,-1.554017931567964,31.57894736842105,9940.947318600416,-0.5905268139958388
BTCUSDT,5m,RandomForestRegressor,6,0.9,0.00011227373149503468,5000,1000,2025-12-05 10:35:00+00:00,2025-12-22 19:10:00+00:00,2025-12-22 19:15:00+00:00,2025-12-26 06:30:00+00:00,0.0012209960161164242,0.0018300201633325984,-0.005716285849980547,54,0.00019658674908750213,50.0,0.0002758979921759786,18,-10.51794053441256,-0.5843300296895867,38.88888888888889,9989.482059465588,-0.10517940534411536
BTCUSDT,5m,RandomForestRegressor,6,0.95,0.00023940795321348101,5000,1000,2025-12-05 10:35:00+00:00,2025-12-22 19:10:00+00:00,2025-12-22 19:15:00+00:00,2025-12-26 06:30:00+00:00,0.0012209960161164242,0.0018300201633325984,-0.005716285849980547,20,-4.4023715810505855e-05,40.0,0.00047378148253731327,6,-2.134398402483498,-0.355733067080583,50.0,9997.865601597516,-0.02134398402484294
BTCUSDT,5m,RandomForestRegressor,7,0.8,2.3105924068796728e-05,5000,1000,2025-12-08 21:55:00+00:00,2025-12-26 06:30:00+00:00,2025-12-26 06:35:00+00:00,2025-12-29 17:50:00+00:00,0.0009443373312008859,0.0017284888812560872,-0.07368085150965492,88,-0.0006065528631756674,60.22727272727273,0.0002568820056583883,20,-40.08353619882291,-2.0041768099411454,25.0,9959.916463801175,-0.4008353619882474
BTCUSDT,5m,RandomForestRegressor,7,0.9,0.00012655580897159976,5000,1000,2025-12-08 21:55:00+00:00,2025-12-26 06:30:00+00:00,2025-12-26 06:35:00+00:00,2025-12-29 17:50:00+00:00,0.0009443373312008859,0.0017284888812560872,-0.07368085150965492,48,-0.0012733048459745717,54.166666666666664,0.00043090862575398924,14,-39.38854347369852,-2.8134673909784658,21.428571428571427,9960.6114565263,-0.39388543473700344
BTCUSDT,5m,RandomForestRegressor,7,0.95,0.0003168958128551127,5000,1000,2025-12-08 21:55:00+00:00,2025-12-26 06:30:00+00:00,2025-12-26 06:35:00+00:00,2025-12-29 17:50:00+00:00,0.0009443373312008859,0.0017284888812560872,-0.07368085150965492,27,-0.0015859281260207775,48.148148148148145,0.0005870245584020885,11,-39.83879464384415,-3.621708603985832,27.27272727272727,9960.161205356155,-0.39838794643845177
BTCUSDT,5m,RandomForestRegressor,8,0.8,3.79523988752495e-05,5000,1000,2025-12-12 09:15:00+00:00,2025-12-29 17:50:00+00:00,2025-12-29 17:55:00+00:00,2026-01-02 05:10:00+00:00,0.0009597595977569682,0.0013944045005761258,-0.04263783361111077,206,-4.043167855773202e-05,53.398058252427184,0.00016365571584215323,43,-65.40574014382139,-1.521063724274916,25.581395348837212,9934.594259856187,-0.6540574014381308
BTCUSDT,5m,RandomForestRegressor,8,0.9,6.692614675760108e-05,5000,1000,2025-12-12 09:15:00+00:00,2025-12-29 17:50:00+00:00,2025-12-29 17:55:00+00:00,2026-01-02 05:10:00+00:00,0.0009597595977569682,0.0013944045005761258,-0.04263783361111077,109,-0.00021289582744301499,47.706422018348626,0.0002644310985877286,26,-46.53569347476241,-1.789834364413939,26.923076923076923,9953.464306525242,-0.46535693474757867
BTCUSDT,5m,RandomForestRegressor,8,0.95,0.0001267864333981849,5000,1000,2025-12-12 09:15:00+00:00,2025-12-29 17:50:00+00:00,2025-12-29 17:55:00+00:00,2026-01-02 05:10:00+00:00,0.0009597595977569682,0.0013944045005761258,-0.04263783361111077,67,-0.0007023365888653381,38.80597014925373,0.0003738039758959949,17,-40.097446260044876,-2.3586733094144043,5.88235294117647,9959.902553739958,-0.4009744626004249
BTCUSDT,5m,RandomForestRegressor,9,0.8,7.779395087959158e-05,5000,1000,2025-12-15 20:35:00+00:00,2026-01-02 05:10:00+00:00,2026-01-02 05:15:00+00:00,2026-01-05 16:30:00+00:00,0.0011340744208202021,0.0016777164977854384,0.12564099942574714,140,0.0006022586897937128,54.285714285714285,0.00021047161912328912,41,-18.38776112358596,-0.4484819786240478,41.46341463414634,9981.612238876414,-0.18387761123585733
BTCUSDT,5m,RandomForestRegressor,9,0.9,0.00013633237642875234,5000,1000,2025-12-15 20:35:00+00:00,2026-01-02 05:10:00+00:00,2026-01-02 05:15:00+00:00,2026-01-05 16:30:00+00:00,0.0011340744208202021,0.0016777164977854384,0.12564099942574714,68,0.0010578156837116022,52.94117647058824,0.00033199804069460027,21,-6.023738665748738,-0.2868446983689875,38.095238095238095,9993.976261334248,-0.06023738665751808
BTCUSDT,5m,RandomForestRegressor,9,0.95,0.0002371241824190905,5000,1000,2025-12-15 20:35:00+00:00,2026-01-02 05:10:00+00:00,2026-01-02 05:15:00+00:00,2026-01-05 16:30:00+00:00,0.0011340744208202021,0.0016777164977854384,0.12564099942574714,43,0.001121548667769265,58.139534883720934,0.00041570234108802864,15,8.399147999675847,0.5599431999783898,46.666666666666664,10008.399147999675,0.08399147999674825
BTCUSDT,5m,RandomForestRegressor,10,0.8,4.83791125431898e-05,5000,1000,2025-12-19 07:55:00+00:00,2026-01-05 16:30:00+00:00,2026-01-05 16:35:00+00:00,2026-01-09 03:50:00+00:00,0.0014426727162165922,0.00198751011306066,0.039936344854926836,374,2.6359725208494168e-05,52.406417112299465,0.00023579199684846004,60,-98.80784939717262,-1.646797489952877,35.0,9901.192150602825,-0.9880784939717523
BTCUSDT,5m,RandomForestRegressor,10,0.9,0.00014142674324613735,5000,1000,2025-12-19 07:55:00+00:00,2026-01-05 16:30:00+00:00,2026-01-05 16:35:00+00:00,2026-01-09 03:50:00+00:00,0.0014426727162165922,0.00198751011306066,0.039936344854926836,199,1.9217814579910512e-05,50.753768844221106,0.0003713264943630647,40,-67.80881079867186,-1.6952202699667964,35.0,9932.191189201332,-0.6780881079866776
BTCUSDT,5m,RandomForestRegressor,10,0.95,0.0002700328701880161,5000,1000,2025-12-19 07:55:00+00:00,2026-01-05 16:30:00+00:00,2026-01-05 16:35:00+00:00,2026-01-09 03:50:00+00:00,0.0014426727162165922,0.00198751011306066,0.039936344854926836,103,-3.824519940943121e-05,51.45631067961165,0.0005455284229422196,30,-55.53477504725845,-1.8511591682419484,36.666666666666664,9944.465224952743,-0.5553477504725742
BTCUSDT,5m,RandomForestRegressor,11,0.8,1.7787261621474092e-05,5000,1000,2025-12-22 19:15:00+00:00,2026-01-09 03:50:00+00:00,2026-01-09 03:55:00+00:00,2026-01-12 15:10:00+00:00,0.0010120507504067348,0.0017571014952326837,0.035825025587942,203,0.0001727410715519161,52.70935960591133,0.0002386361020788515,37,-37.03271214387064,-1.0008841119965037,32.432432432432435,9962.967287856129,-0.3703271214387132
BTCUSDT,5m,RandomForestRegressor,11,0.9,0.00017797770366200346,5000,1000,2025-12-22 19:15:00+00:00,2026-01-09 03:50:00+00:00,2026-01-09 03:55:00+00:00,2026-01-12 15:10:00+00:00,0.0010120507504067348,0.0017571014952326837,0.035825025587942,113,1.3008310979125827e-05,53.98230088495575,0.00038196936570318335,20,-12.7546771533016,-0.63773385766508,40.0,9987.245322846702,-0.12754677153297964
BTCUSDT,5m,RandomForestRegressor,11,0.95,0.0003324747378256875,5000,1000,2025-12-22 19:15:00+00:00,2026-01-09 03:50:00+00:00,2026-01-09 03:55:00+00:00,2026-01-12 15:10:00+00:00,0.0010120507504067348,0.0017571014952326837,0.035825025587942,51,-9.307466846903136e-05,50.98039215686274,0.000513965057977762,16,-17.18981352154117,-1.074363345096323,31.25,9982.810186478462,-0.17189813521537872
BTCUSDT,5m,RandomForestRegressor,12,0.8,2.0179319259528974e-05,5000,1000,2025-12-26 06:35:00+00:00,2026-01-12 15:10:00+00:00,2026-01-12 15:15:00+00:00,2026-01-16 02:30:00+00:00,0.0015677199756885425,0.002212739165247729,0.1062124447116486,349,0.0004769474426788616,56.446991404011456,0.0002563461952561729,57,1.4813754293065813,0.025989042619413708,43.859649122807014,10001.481375429299,0.01481375429299078
BTCUSDT,5m,RandomForestRegressor,12,0.9,0.00016706888334702084,5000,1000,2025-12-26 06:35:00+00:00,2026-01-12 15:10:00+00:00,2026-01-12 15:15:00+00:00,2026-01-16 02:30:00+00:00,0.0015677199756885425,0.002212739165247729,0.1062124447116486,157,0.0005625200111161314,56.68789808917197,0.0004712906317586997,38,-36.400680247529294,-0.9579126380928762,36.84210526315789,9963.599319752464,-0.36400680247536
BTCUSDT,5m,RandomForestRegressor,12,0.95,0.0003112868542973043,5000,1000,2025-12-26 06:35:00+00:00,2026-01-12 15:10:00+00:00,2026-01-12 15:15:00+00:00,2026-01-16 02:30:00+00:00,0.0015677199756885425,0.002212739165247729,0.1062124447116486,87,0.000971604690620636,62.06896551724138,0.0006727865626999907,32,-37.363355261373954,-1.167604851917936,40.625,9962.63664473862,-0.37363355261379183
BTCUSDT,5m,RandomForestRegressor,13,0.8,0.00011221141785347663,5000,1000,2025-12-29 17:55:00+00:00,2026-01-16 02:30:00+00:00,2026-01-16 02:35:00+00:00,2026-01-19 13:50:00+00:00,0.000807588860786418,0.0013930603563370155,-0.17776664981457274,93,-0.0007361438074654907,50.53763440860215,0.0005382990203744886,24,-45.12468318601066,-1.880195132750444,29.166666666666668,9954.875316813988,-0.4512468318601168
BTCUSDT,5m,RandomForestRegressor,13,0.9,0.0003505893595852645,5000,1000,2025-12-29 17:55:00+00:00,2026-01-16 02:30:00+00:00,2026-01-16 02:35:00+00:00,2026-01-19 13:50:00+00:00,0.000807588860786418,0.0013930603563370155,-0.17776664981457274,42,-0.0015697721901527365,38.095238095238095,0.0009567520722709609,11,-37.6166912160935,-3.4196992014630454,27.27272727272727,9962.383308783907,-0.37616691216093384
BTCUSDT,5m,RandomForestRegressor,13,0.95,0.0006780613199284767,5000,1000,2025-12-29 17:55:00+00:00,2026-01-16 02:30:00+00:00,2026-01-16 02:35:00+00:00,2026-01-19 13:50:00+00:00,0.000807588860786418,0.0013930603563370155,-0.17776664981457274,27,-0.0018360262774727446,33.33333333333333,0.001231589242501074,4,-37.04436214701434,-9.261090536753585,25.0,9962.955637852987,-0.3704436214701309
BTCUSDT,5m,RandomForestRegressor,14,0.8,9.820180745055555e-05,5000,1000,2026-01-02 05:15:00+00:00,2026-01-19 13:50:00+00:00,2026-01-19 13:55:00+00:00,2026-01-23 01:10:00+00:00,0.001618692984210568,0.002445513658495783,-0.012736082001687432,264,7.049450791932709e-05,50.75757575757576,0.00043106314233431716,49,-103.14768645615789,-2.105054825635875,24.489795918367346,9896.85231354384,-1.0314768645615913
BTCUSDT,5m,RandomForestRegressor,14,0.9,0.00025964368750036913,5000,1000,2026-01-02 05:15:00+00:00,2026-01-19 13:50:00+00:00,2026-01-19 13:55:00+00:00,2026-01-23 01:10:00+00:00,0.001618692984210568,0.002445513658495783,-0.012736082001687432,152,-7.443690868328431e-05,48.68421052631579,0.00062343347763601,37,-35.92542139202237,-0.9709573349195235,35.13513513513514,9964.074578607979,-0.35925421392021234
BTCUSDT,5m,RandomForestRegressor,14,0.95,0.0005207673718636927,5000,1000,2026-01-02 05:15:00+00:00,2026-01-19 13:50:00+00:00,2026-01-19 13:55:00+00:00,2026-01-23 01:10:00+00:00,0.001618692984210568,0.002445513658495783,-0.012736082001687432,80,-0.0002113670498445893,48.75,0.0008488223678941278,27,-42.72410715978117,-1.5823743392511544,33.33333333333333,9957.275892840225,-0.42724107159774577
BTCUSDT,5m,RandomForestRegressor,15,0.8,7.008152937649243e-05,5000,1000,2026-01-05 16:35:00+00:00,2026-01-23 01:10:00+00:00,2026-01-23 01:15:00+00:00,2026-01-26 12:30:00+00:00,0.0010805163169677577,0.0017076781473309,0.039590581545173475,176,0.0002169029936429853,56.25,0.00034753266126079667,37,-19.976842531684383,-0.5399146630184969,35.13513513513514,9980.023157468311,-0.19976842531688818
BTCUSDT,5m,RandomForestRegressor,15,0.9,0.00021072351572990836,5000,1000,2026-01-05 16:35:00+00:00,2026-01-23 01:10:00+00:00,2026-01-23 01:15:00+00:00,2026-01-26 12:30:00+00:00,0.0010805163169677577,0.0017076781473309,0.039590581545173475,88,0.0001445913750189357,53.40909090909091,0.0005613503943063129,23,-16.711222838735694,-0.7265749060319867,39.130434782608695,9983.288777161266,-0.16711222838734102
BTCUSDT,5m,RandomForestRegressor,15,0.95,0.0003768351388572948,5000,1000,2026-01-05 16:35:00+00:00,2026-01-23 01:10:00+00:00,2026-01-23 01:15:00+00:00,2026-01-26 12:30:00+00:00,0.0010805163169677577,0.0017076781473309,0.039590581545173475,50,-0.0001412072310843972,40.0,0.000768063537204763,12,8.387980027319259,0.6989983356099382,50.0,10008.387980027317,0.08387980027317099
BTCUSDT,5m,RandomForestRegressor,16,0.8,0.00011334430868200487,5000,1000,2026-01-09 03:55:00+00:00,2026-01-26 12:30:00+00:00,2026-01-26 12:35:00+00:00,2026-01-29 23:50:00+00:00,0.0016235969633063329,0.0024237994927957967,0.06671353606153013,326,-6.819108821123064e-05,56.13496932515337,0.00035311570276651955,60,-107.11461203735314,-1.7852435339558856,38.333333333333336,9892.885387962646,-1.0711461203735415
BTCUSDT,5m,RandomForestRegressor,16,0.9,0.00025400100701479983,5000,1000,2026-01-09 03:55:00+00:00,2026-01-26 12:30:00+00:00,2026-01-26 12:35:00+00:00,2026-01-29 23:50:00+00:00,0.0016235969633063329,0.0024237994927957967,0.06671353606153013,165,-0.00029802630648119894,51.515151515151516,0.000525166443970952,35,-93.79811461502106,-2.679946131857745,37.142857142857146,9906.201885384977,-0.9379811461502322
BTCUSDT,5m,RandomForestRegressor,16,0.95,0.00045892960854812667,5000,1000,2026-01-09 03:55:00+00:00,2026-01-26 12:30:00+00:00,2026-01-26 12:35:00+00:00,2026-01-29 23:50:00+00:00,0.0016235969633063329,0.0024237994927957967,0.06671353606153013,75,-0.00046036880432539227,49.333333333333336,0.0007585796358898537,17,-62.66288364732782,-3.6860519792545774,41.17647058823529,9937.337116352674,-0.6266288364732645
BTCUSDT,5m,RandomForestRegressor,17,0.8,7.382093203517794e-05,5000,1000,2026-01-12 15:15:00+00:00,2026-01-29 23:50:00+00:00,2026-01-29 23:55:00+00:00,2026-02-02 11:10:00+00:00,0.002844850528278707,0.004175248701424919,-0.05094530722396243,385,-0.000560640654117908,47.79220779220779,0.0003677369709733884,63,-157.48065022668857,-2.499692860741088,33.33333333333333,9842.519349773314,-1.574806502266856
BTCUSDT,5m,RandomForestRegressor,17,0.9,0.00013057337187812596,5000,1000,2026-01-12 15:15:00+00:00,2026-01-29 23:50:00+00:00,2026-01-29 23:55:00+00:00,2026-02-02 11:10:00+00:00,0.002844850528278707,0.004175248701424919,-0.05094530722396243,272,-0.0007029237891141843,47.05882352941176,0.00047852347649126627,52,-207.1563412097861,-3.9837757924958863,28.846153846153843,9792.843658790214,-2.0715634120978574
BTCUSDT,5m,RandomForestRegressor,17,0.95,0.0002692627216751487,5000,1000,2026-01-12 15:15:00+00:00,2026-01-29 23:50:00+00:00,2026-01-29 23:55:00+00:00,2026-02-02 11:10:00+00:00,0.002844850528278707,0.004175248701424919,-0.05094530722396243,173,-0.00039807030258994896,52.601156069364166,0.0006447465437763301,38,-116.3926790058299,-3.062965236995524,36.84210526315789,9883.607320994168,-1.1639267900583217
BTCUSDT,5m,RandomForestRegressor,18,0.8,-4.451588327873223e-05,5000,1000,2026-01-16 02:35:00+00:00,2026-02-02 11:10:00+00:00,2026-02-02 11:15:00+00:00,2026-02-05 22:30:00+00:00,0.0035765718517371996,0.005173393672204778,0.009513864015997233,334,-0.00038356344137478407,44.91017964071856,0.0006021035997598696,61,-225.75337667780013,-3.70087502750492,37.704918032786885,9774.246623322199,-2.2575337667780153
BTCUSDT,5m,RandomForestRegressor,18,0.9,-3.187088472665327e-05,5000,1000,2026-01-16 02:35:00+00:00,2026-02-02 11:10:00+00:00,2026-02-02 11:15:00+00:00,2026-02-05 22:30:00+00:00,0.0035765718517371996,0.005173393672204778,0.009513864015997233,276,-0.00024660267329010776,45.65217391304348,0.0007366138163722177,53,-226.1626953685526,-4.2672206673311806,35.84905660377358,9773.837304631446,-2.261626953685536
BTCUSDT,5m,RandomForestRegressor,18,0.95,3.95801277636021e-05,5000,1000,2026-01-16 02:35:00+00:00,2026-02-02 11:10:00+00:00,2026-02-02 11:15:00+00:00,2026-02-05 22:30:00+00:00,0.0035765718517371996,0.005173393672204778,0.009513864015997233,214,-0.00029351084412693624,44.39252336448598,0.0009508820270227087,43,-161.51340013054505,-3.75612558443128,41.86046511627907,9838.486599869457,-1.615134001305432
BTCUSDT,5m,RandomForestRegressor,19,0.8,-0.00011775686924287064,5000,1000,2026-01-19 13:55:00+00:00,2026-02-05 22:30:00+00:00,2026-02-05 22:35:00+00:00,2026-02-09 09:50:00+00:00,0.00344194676383197,0.005274038769782761,0.16357250742826904,188,0.0009356991603673888,57.446808510638306,0.00036322815856808103,42,-9.678154087310077,-0.23043224017404945,45.23809523809524,9990.321845912695,-0.09678154087305302
BTCUSDT,5m,RandomForestRegressor,19,0.9,-0.00010369455596233333,5000,1000,2026-01-19 13:55:00+00:00,2026-02-05 22:30:00+00:00,2026-02-05 22:35:00+00:00,2026-02-09 09:50:00+00:00,0.00344194676383197,0.005274038769782761,0.16357250742826904,140,0.0009655452645558898,56.42857142857143,0.0005267219047716249,35,13.466139268551046,0.3847468362443156,48.57142857142857,10013.466139268554,0.1346613926855389
BTCUSDT,5m,RandomForestRegressor,19,0.95,7.687501208376473e-06,5000,1000,2026-01-19 13:55:00+00:00,2026-02-05 22:30:00+00:00,2026-02-05 22:35:00+00:00,2026-02-09 09:50:00+00:00,0.00344194676383197,0.005274038769782761,0.16357250742826904,80,0.001011451728933916,56.25,0.0009753472444435907,26,20.728438624072282,0.7972476393873955,53.84615384615385,10020.728438624074,0.20728438624073534
BTCUSDT,5m,RandomForestRegressor,20,0.8,-7.253908025131913e-05,5000,1000,2026-01-23 01:15:00+00:00,2026-02-09 09:50:00+00:00,2026-02-09 09:55:00+00:00,2026-02-12 21:10:00+00:00,0.0025856936611171433,0.003513980273640369,0.04357378582051856,256,0.00012145605163497146,55.46875,5.426669600591605e-05,51,-77.50879338487289,-1.519780262448488,37.254901960784316,9922.491206615125,-0.7750879338487539
BTCUSDT,5m,RandomForestRegressor,20,0.9,-2.3639070934628114e-05,5000,1000,2026-01-23 01:15:00+00:00,2026-02-09 09:50:00+00:00,2026-02-09 09:55:00+00:00,2026-02-12 21:10:00+00:00,0.0025856936611171433,0.003513980273640369,0.04357378582051856,108,0.0006529673561562879,59.25925925925925,0.00021069213200458552,32,-27.028650929252535,-0.8446453415391417,46.875,9972.971349070745,-0.27028650929254583
BTCUSDT,5m,RandomForestRegressor,20,0.95,0.00018029567305950198,5000,1000,2026-01-23 01:15:00+00:00,2026-02-09 09:50:00+00:00,2026-02-09 09:55:00+00:00,2026-02-12 21:10:00+00:00,0.0025856936611171433,0.003513980273640369,0.04357378582051856,45,0.0007573361804326111,55.55555555555556,0.00047211618668609835,18,11.32312340529029,0.6290624114050161,50.0,10011.323123405291,0.11323123405290972
BTCUSDT,5m,RandomForestRegressor,21,0.8,-7.673795652542578e-05,5000,1000,2026-01-26 12:35:00+00:00,2026-02-12 21:10:00+00:00,2026-02-12 21:15:00+00:00,2026-02-16 08:30:00+00:00,0.0016600752781079143,0.00237730948368311,-0.05718639815652316,112,0.0002202117326292967,61.60714285714286,-4.489525149277564e-06,23,-26.56715117053716,-1.1550935291537896,43.47826086956522,9973.432848829463,-0.2656715117053682
BTCUSDT,5m,RandomForestRegressor,21,0.9,-9.579783866024762e-06,5000,1000,2026-01-26 12:35:00+00:00,2026-02-12 21:10:00+00:00,2026-02-12 21:15:00+00:00,2026-02-16 08:30:00+00:00,0.0016600752781079143,0.00237730948368311,-0.05718639815652316,37,0.0003183715139520755,59.45945945945946,0.00011655748102394904,14,-11.002849389901826,-0.7859178135644161,42.857142857142854,9988.9971506101,-0.11002849389900804
BTCUSDT,5m,RandomForestRegressor,21,0.95,0.00018970300484142264,5000,1000,2026-01-26 12:35:00+00:00,2026-02-12 21:10:00+00:00,2026-02-12 21:15:00+00:00,2026-02-16 08:30:00+00:00,0.0016600752781079143,0.00237730948368311,-0.05718639815652316,9,-0.00047724733108354457,33.33333333333333,0.0003355508226640305,5,-4.911615272811787,-0.9823230545623574,20.0,9995.088384727187,-0.049116152728129234
BTCUSDT,5m,RandomForestRegressor,22,0.8,-5.1760818810403614e-05,5000,1000,2026-01-29 23:55:00+00:00,2026-02-16 08:30:00+00:00,2026-02-16 08:35:00+00:00,2026-02-19 19:50:00+00:00,0.001913561977584462,0.0027858099393668415,0.0628042389344133,118,0.0006052783732093168,61.86440677966102,5.659313769073607e-05,42,-54.915149489226906,-1.3075035592673072,42.857142857142854,9945.08485051077,-0.5491514948923032
BTCUSDT,5m,RandomForestRegressor,22,0.9,2.670884089612626e-05,5000,1000,2026-01-29 23:55:00+00:00,2026-02-16 08:30:00+00:00,2026-02-16 08:35:00+00:00,2026-02-19 19:50:00+00:00,0.001913561977584462,0.0027858099393668415,0.0628042389344133,35,0.00015430272988148822,62.857142857142854,0.0002624047027619635,14,-9.946321092905123,-0.7104515066360803,50.0,9990.053678907096,-0.09946321092904327
BTCUSDT,5m,RandomForestRegressor,22,0.95,0.0002735230959668404,5000,1000,2026-01-29 23:55:00+00:00,2026-02-16 08:30:00+00:00,2026-02-16 08:35:00+00:00,2026-02-19 19:50:00+00:00,0.001913561977584462,0.0027858099393668415,0.0628042389344133,11,0.0013002080726905,81.81818181818183,0.0005514728838722093,7,5.528576970625636,0.7897967100893766,42.857142857142854,10005.528576970628,0.055285769706279096
BTCUSDT,5m,RandomForestRegressor,23,0.8,6.100637502030764e-06,5000,1000,2026-02-02 11:15:00+00:00,2026-02-19 19:50:00+00:00,2026-02-19 19:55:00+00:00,2026-02-23 07:10:00+00:00,0.0014118187614598483,0.0023961838106157578,-0.024948863288730905,84,-0.00024350545995684825,59.523809523809526,0.0007992359005136238,27,-52.30183699347174,-1.9371050738322866,40.74074074074074,9947.698163006527,-0.5230183699347253
BTCUSDT,5m,RandomForestRegressor,23,0.9,0.00012348620569764285,5000,1000,2026-02-02 11:15:00+00:00,2026-02-19 19:50:00+00:00,2026-02-19 19:55:00+00:00,2026-02-23 07:10:00+00:00,0.0014118187614598483,0.0023961838106157578,-0.024948863288730905,41,-0.00108813952973977,53.65853658536586,0.0016031764210360819,13,-40.22791586864912,-3.094455066819163,30.76923076923077,9959.77208413135,-0.40227915868650593
BTCUSDT,5m,RandomForestRegressor,23,0.95,0.0002648353174809156,5000,1000,2026-02-02 11:15:00+00:00,2026-02-19 19:50:00+00:00,2026-02-19 19:55:00+00:00,2026-02-23 07:10:00+00:00,0.0014118187614598483,0.0023961838106157578,-0.024948863288730905,22,-0.0008122489062476489,63.63636363636363,0.002842277879921327,7,-18.704967014866497,-2.672138144980928,71.42857142857143,9981.295032985136,-0.18704967014864451
BTCUSDT,5m,RandomForestRegressor,24,0.8,0.00011318262569991068,5000,1000,2026-02-05 22:35:00+00:00,2026-02-23 07:10:00+00:00,2026-02-23 07:15:00+00:00,2026-02-26 18:30:00+00:00,0.0023090562824464186,0.0032894557983737783,-0.09938175438628835,208,5.2359919559250215e-05,52.88461538461539,0.0003260181137131519,46,-66.28520090474933,-1.4409826283641158,36.95652173913043,9933.714799095247,-0.6628520090475286
BTCUSDT,5m,RandomForestRegressor,24,0.9,0.00022423403914066157,5000,1000,2026-02-05 22:35:00+00:00,2026-02-23 07:10:00+00:00,2026-02-23 07:15:00+00:00,2026-02-26 18:30:00+00:00,0.0023090562824464186,0.0032894557983737783,-0.09938175438628835,95,0.0006744803535682907,57.89473684210527,0.0005288094486694509,31,-13.053904303974264,-0.42109368722497625,45.16129032258064,9986.946095696021,-0.13053904303978925
BTCUSDT,5m,RandomForestRegressor,24,0.95,0.0004300791220335838,5000,1000,2026-02-05 22:35:00+00:00,2026-02-23 07:10:00+00:00,2026-02-23 07:15:00+00:00,2026-02-26 18:30:00+00:00,0.0023090562824464186,0.0032894557983737783,-0.09938175438628835,44,0.00030457337184329583,52.27272727272727,0.0008016339232275168,18,-15.499179933705136,-0.8610655518725076,44.44444444444444,9984.50082006629,-0.15499179933709456
BTCUSDT,5m,RandomForestRegressor,25,0.8,9.451635508127354e-05,5000,1000,2026-02-09 09:55:00+00:00,2026-02-26 18:30:00+00:00,2026-02-26 18:35:00+00:00,2026-03-02 05:50:00+00:00,0.002280233027638777,0.0033415822328548015,0.04538078530706468,237,4.830744067952465e-05,51.89873417721519,0.00035579604291321066,43,-36.44698466218654,-0.8476042944694544,41.86046511627907,9963.553015337815,-0.3644698466218506
BTCUSDT,5m,RandomForestRegressor,25,0.9,0.0002619016620476636,5000,1000,2026-02-09 09:55:00+00:00,2026-02-26 18:30:00+00:00,2026-02-26 18:35:00+00:00,2026-03-02 05:50:00+00:00,0.002280233027638777,0.0033415822328548015,0.04538078530706468,136,5.8288294898384395e-06,52.20588235294118,0.0004908966912241814,35,-0.032849963427111106,-0.0009385703836317458,42.857142857142854,9999.967150036575,-0.0003284996342517843
BTCUSDT,5m,RandomForestRegressor,25,0.95,0.0004269049989977936,5000,1000,2026-02-09 09:55:00+00:00,2026-02-26 18:30:00+00:00,2026-02-26 18:35:00+00:00,2026-03-02 05:50:00+00:00,0.002280233027638777,0.0033415822328548015,0.04538078530706468,63,0.0006706958314751238,61.904761904761905,0.0006767123766740203,21,39.734153250090344,1.8921025357185879,57.14285714285714,10039.73415325009,0.3973415325009046
BTCUSDT,5m,RandomForestRegressor,26,0.8,0.0001565328100109663,5000,1000,2026-02-12 21:15:00+00:00,2026-03-02 05:50:00+00:00,2026-03-02 05:55:00+00:00,2026-03-05 17:10:00+00:00,0.002768956801619801,0.003871119832316658,-0.042151604070227305,329,0.00031319849217768553,54.40729483282675,0.0003628358711525272,59,-61.612888919425814,-1.044286252871624,42.3728813559322,9938.387111080576,-0.6161288891942421
BTCUSDT,5m,RandomForestRegressor,26,0.9,0.00028127402139576133,5000,1000,2026-02-12 21:15:00+00:00,2026-03-02 05:50:00+00:00,2026-03-02 05:55:00+00:00,2026-03-05 17:10:00+00:00,0.002768956801619801,0.003871119832316658,-0.042151604070227305,171,0.0005913885217392097,59.64912280701754,0.0005039122177364544,48,-67.28475087306958,-1.4017656431889496,37.5,9932.715249126928,-0.6728475087307197
BTCUSDT,5m,RandomForestRegressor,26,0.95,0.00041035609800646456,5000,1000,2026-02-12 21:15:00+00:00,2026-03-02 05:50:00+00:00,2026-03-02 05:55:00+00:00,2026-03-05 17:10:00+00:00,0.002768956801619801,0.003871119832316658,-0.042151604070227305,80,0.0012816512007370114,66.25,0.0006880924043518201,25,-33.2380103365208,-1.329520413460832,32.0,9966.761989663479,-0.33238010336521256
BTCUSDT,5m,RandomForestRegressor,27,0.8,0.00011223114504240111,5000,1000,2026-02-16 08:35:00+00:00,2026-03-05 17:10:00+00:00,2026-03-05 17:15:00+00:00,2026-03-09 04:30:00+00:00,0.0017874407778862753,0.0025950599608401052,-0.0031857756924080784,146,4.792509928852239e-05,50.68493150684932,0.0003488374697821744,39,-59.98866696504149,-1.5381709478215766,35.8974358974359,9940.011333034963,-0.5998866696503683
BTCUSDT,5m,RandomForestRegressor,27,0.9,0.00024213646276346408,5000,1000,2026-02-16 08:35:00+00:00,2026-03-05 17:10:00+00:00,2026-03-05 17:15:00+00:00,2026-03-09 04:30:00+00:00,0.0017874407778862753,0.0025950599608401052,-0.0031857756924080784,58,0.000575569149022027,53.44827586206896,0.0006199468037927923,20,-9.84782954080697,-0.49239147704034847,35.0,9990.152170459192,-0.09847829540807651
BTCUSDT,5m,RandomForestRegressor,27,0.95,0.0004952866730966307,5000,1000,2026-02-16 08:35:00+00:00,2026-03-05 17:10:00+00:00,2026-03-05 17:15:00+00:00,2026-03-09 04:30:00+00:00,0.0017874407778862753,0.0025950599608401052,-0.0031857756924080784,27,0.0003648517050039394,44.44444444444444,0.0009540844997854149,10,-7.8480762019543135,-0.7848076201954314,30.0,9992.151923798045,-0.07848076201955337
BTCUSDT,5m,RandomForestRegressor,28,0.8,0.0001043812416351663,5000,1000,2026-02-19 19:55:00+00:00,2026-03-09 04:30:00+00:00,2026-03-09 04:35:00+00:00,2026-03-12 15:50:00+00:00,0.0022093236722233603,0.003169564152130126,-0.1254999108226303,274,-0.0001257957055407726,48.54014598540146,0.000524277383062606,45,-41.79275330486996,-0.9287278512193324,40.0,9958.207246695134,-0.41792753304865987
BTCUSDT,5m,RandomForestRegressor,28,0.9,0.00029174125295844064,5000,1000,2026-02-19 19:55:00+00:00,2026-03-09 04:30:00+00:00,2026-03-09 04:35:00+00:00,2026-03-12 15:50:00+00:00,0.0022093236722233603,0.003169564152130126,-0.1254999108226303,143,-0.0006996604547358913,41.95804195804196,0.0008361582376397915,29,-68.09469016757009,-2.348092764398969,37.93103448275862,9931.905309832437,-0.6809469016756339
BTCUSDT,5m,RandomForestRegressor,28,0.95,0.0006053491785729453,5000,1000,2026-02-19 19:55:00+00:00,2026-03-09 04:30:00+00:00,2026-03-09 04:35:00+00:00,2026-03-12 15:50:00+00:00,0.0022093236722233603,0.003169564152130126,-0.1254999108226303,72,-0.0004930566458923836,45.83333333333333,0.0012581419858754617,18,-16.0216918772104,-0.8900939931783556,50.0,9983.978308122796,-0.1602169187720392
BTCUSDT,5m,RandomForestRegressor,29,0.8,0.0002668094915897337,5000,1000,2026-02-23 07:15:00+00:00,2026-03-12 15:50:00+00:00,2026-03-12 15:55:00+00:00,2026-03-16 03:10:00+00:00,0.0015706992683164112,0.002306433755269535,-0.0202293770357117,130,0.00011741211837487343,51.53846153846153,0.0004883304543142818,31,-39.85282255007894,-1.2855749209702885,35.483870967741936,9960.14717744993,-0.3985282255007041
BTCUSDT,5m,RandomForestRegressor,29,0.9,0.0004236305253730628,5000,1000,2026-02-23 07:15:00+00:00,2026-03-12 15:50:00+00:00,2026-03-12 15:55:00+00:00,2026-03-16 03:10:00+00:00,0.0015706992683164112,0.002306433755269535,-0.0202293770357117,62,-0.00028913329485327603,48.38709677419355,0.0006603666286204405,19,-31.628376423951522,-1.6646513907342906,36.84210526315789,9968.37162357605,-0.3162837642395061
BTCUSDT,5m,RandomForestRegressor,29,0.95,0.0006500479901639786,5000,1000,2026-02-23 07:15:00+00:00,2026-03-12 15:50:00+00:00,2026-03-12 15:55:00+00:00,2026-03-16 03:10:00+00:00,0.0015706992683164112,0.002306433755269535,-0.0202293770357117,21,-0.001112626261930936,52.38095238095239,0.0009562141006828163,6,-9.877969887275981,-1.6463283145459968,33.33333333333333,9990.122030112723,-0.09877969887276776
BTCUSDT,5m,RandomForestRegressor,30,0.8,0.00026281253580780136,5000,1000,2026-02-26 18:35:00+00:00,2026-03-16 03:10:00+00:00,2026-03-16 03:15:00+00:00,2026-03-19 14:30:00+00:00,0.0019571189727443272,0.0027336332453707303,0.06456551352371358,246,-1.4075385893310067e-05,53.2520325203252,0.00044502726824755223,43,-84.95844200617057,-1.9757777210737342,39.53488372093023,9915.041557993827,-0.8495844200617284
BTCUSDT,5m,RandomForestRegressor,30,0.9,0.00040967802053504916,5000,1000,2026-02-26 18:35:00+00:00,2026-03-16 03:10:00+00:00,2026-03-16 03:15:00+00:00,2026-03-19 14:30:00+00:00,0.0019571189727443272,0.0027336332453707303,0.06456551352371358,120,0.00032852771285950077,56.666666666666664,0.0005694266443837273,30,-46.935474815503085,-1.564515827183436,43.333333333333336,9953.064525184493,-0.46935474815507405
BTCUSDT,5m,RandomForestRegressor,30,0.95,0.0005331645734577066,5000,1000,2026-02-26 18:35:00+00:00,2026-03-16 03:10:00+00:00,2026-03-16 03:15:00+00:00,2026-03-19 14:30:00+00:00,0.0019571189727443272,0.0027336332453707303,0.06456551352371358,42,0.0003843295363585641,54.761904761904766,0.0007539003426568589,17,-57.93803229238654,-3.4081195466109726,29.411764705882355,9942.061967707612,-0.5793803229238802
BTCUSDT,5m,RandomForestRegressor,31,0.8,0.00024378439864963984,5000,1000,2026-03-02 05:55:00+00:00,2026-03-19 14:30:00+00:00,2026-03-19 14:35:00+00:00,2026-03-23 01:50:00+00:00,0.0015304298777544406,0.0022761535557266114,0.07738494503215879,94,0.0005498894577388642,59.57446808510638,0.000456619476780212,25,-27.29227420811685,-1.091690968324674,40.0,9972.707725791886,-0.2729227420811367
BTCUSDT,5m,RandomForestRegressor,31,0.9,0.0003939926217458265,5000,1000,2026-03-02 05:55:00+00:00,2026-03-19 14:30:00+00:00,2026-03-19 14:35:00+00:00,2026-03-23 01:50:00+00:00,0.0015304298777544406,0.0022761535557266114,0.07738494503215879,38,-9.85444520059597e-06,52.63157894736842,0.0006812588735864504,14,-0.4522172513095484,-0.03230123223639631,50.0,9999.547782748692,-0.004522172513079567
BTCUSDT,5m,RandomForestRegressor,31,0.95,0.000568944286352546,5000,1000,2026-03-02 05:55:00+00:00,2026-03-19 14:30:00+00:00,2026-03-19 14:35:00+00:00,2026-03-23 01:50:00+00:00,0.0015304298777544406,0.0022761535557266114,0.07738494503215879,18,-0.0001156351505486595,44.44444444444444,0.0009232869171131179,11,9.911439433468331,0.901039948497121,54.54545454545454,10009.911439433468,0.0991143943346833
BTCUSDT,5m,RandomForestRegressor,32,0.8,0.00025347807062122644,5000,1000,2026-03-05 17:15:00+00:00,2026-03-23 01:50:00+00:00,2026-03-23 01:55:00+00:00,2026-03-26 13:10:00+00:00,0.0019969639893888864,0.0032144056233993513,0.017692093123223996,221,-2.2101363526329313e-05,50.2262443438914,0.00044363301170784,38,-26.41138719121534,-0.6950365050319827,42.10526315789473,9973.588612808784,-0.26411387191215907
BTCUSDT,5m,RandomForestRegressor,32,0.9,0.00040189341691117833,5000,1000,2026-03-05 17:15:00+00:00,2026-03-23 01:50:00+00:00,2026-03-23 01:55:00+00:00,2026-03-26 13:10:00+00:00,0.0019969639893888864,0.0032144056233993513,0.017692093123223996,112,-4.6876843129386935e-05,51.78571428571429,0.0005568179640544678,24,-57.17313517720402,-2.382213965716834,20.833333333333336,9942.826864822793,-0.5717313517720686
BTCUSDT,5m,RandomForestRegressor,32,0.95,0.0004899340655142807,5000,1000,2026-03-05 17:15:00+00:00,2026-03-23 01:50:00+00:00,2026-03-23 01:55:00+00:00,2026-03-26 13:10:00+00:00,0.0019969639893888864,0.0032144056233993513,0.017692093123223996,64,-0.00014001231483418123,51.5625,0.0006405427169552775,17,-34.350496330452415,-2.020617431203083,35.294117647058826,9965.649503669547,-0.34350496330453095
BTCUSDT,5m,RandomForestRegressor,33,0.8,0.00022227069562571897,5000,1000,2026-03-09 04:35:00+00:00,2026-03-26 13:10:00+00:00,2026-03-26 13:15:00+00:00,2026-03-30 00:30:00+00:00,0.0015164709801044765,0.002413452429863446,0.041764493554001136,170,-6.529853012068117e-05,48.8235294117647,0.00040248415402301937,32,-45.012225901316015,-1.4066320594161255,37.5,9954.987774098692,-0.4501222590130783
BTCUSDT,5m,RandomForestRegressor,33,0.9,0.0003401047865696106,5000,1000,2026-03-09 04:35:00+00:00,2026-03-26 13:10:00+00:00,2026-03-26 13:15:00+00:00,2026-03-30 00:30:00+00:00,0.0015164709801044765,0.002413452429863446,0.041764493554001136,78,0.00038941077100504515,53.84615384615385,0.0005470289714605438,23,-26.574793171331976,-1.155425790057912,39.130434782608695,9973.425206828671,-0.26574793171328565
BTCUSDT,5m,RandomForestRegressor,33,0.95,0.00046511701382173214,5000,1000,2026-03-09 04:35:00+00:00,2026-03-26 13:10:00+00:00,2026-03-26 13:15:00+00:00,2026-03-30 00:30:00+00:00,0.0015164709801044765,0.002413452429863446,0.041764493554001136,32,-0.0004732100400937078,46.875,0.0007783048466496331,12,-9.910556846528038,-0.8258797372106699,50.0,9990.089443153473,-0.09910556846527471
BTCUSDT,5m,RandomForestRegressor,34,0.8,5.803678679057885e-05,5000,1000,2026-03-12 15:55:00+00:00,2026-03-30 00:30:00+00:00,2026-03-30 00:35:00+00:00,2026-04-02 11:50:00+00:00,0.001842708884434546,0.0025752642001911187,0.07276080885210225,172,0.00024428445158163834,51.162790697674424,0.0002454475837830541,48,-40.3201794018172,-0.8400037375378583,37.5,9959.679820598181,-0.4032017940181868
BTCUSDT,5m,RandomForestRegressor,34,0.9,0.00013132579154448887,5000,1000,2026-03-12 15:55:00+00:00,2026-03-30 00:30:00+00:00,2026-03-30 00:35:00+00:00,2026-04-02 11:50:00+00:00,0.001842708884434546,0.0025752642001911187,0.07276080885210225,89,0.000474525268548305,53.93258426966292,0.0003873923671413146,34,-17.719561785527276,-0.5211635819272729,38.23529411764706,9982.280438214473,-0.17719561785526822
BTCUSDT,5m,RandomForestRegressor,34,0.95,0.00023748055167941765,5000,1000,2026-03-12 15:55:00+00:00,2026-03-30 00:30:00+00:00,2026-03-30 00:35:00+00:00,2026-04-02 11:50:00+00:00,0.001842708884434546,0.0025752642001911187,0.07276080885210225,52,0.0005082410021392162,53.84615384615385,0.0005321313794186864,25,-20.555583262920322,-0.8222233305168128,36.0,9979.444416737084,-0.20555583262916116
BTCUSDT,5m,RandomForestRegressor,35,0.8,2.706301941684196e-05,5000,1000,2026-03-16 03:15:00+00:00,2026-04-02 11:50:00+00:00,2026-04-02 11:55:00+00:00,2026-04-05 23:10:00+00:00,0.0010023246016384795,0.0015731579184269065,-0.08360858888502577,68,-0.00011850263741531528,41.17647058823529,0.00010175173800337892,27,-28.77666067816108,-1.0658022473392992,22.22222222222222,9971.223339321838,-0.28776660678162447
BTCUSDT,5m,RandomForestRegressor,35,0.9,8.069469354377052e-05,5000,1000,2026-03-16 03:15:00+00:00,2026-04-02 11:50:00+00:00,2026-04-02 11:55:00+00:00,2026-04-05 23:10:00+00:00,0.0010023246016384795,0.0015731579184269065,-0.08360858888502577,27,-6.375232916211683e-05,37.03703703703704,0.00018415998953828593,16,-12.648254836800788,-0.7905159273000493,31.25,9987.3517451632,-0.12648254836800332
BTCUSDT,5m,RandomForestRegressor,35,0.95,0.00019818535973971168,5000,1000,2026-03-16 03:15:00+00:00,2026-04-02 11:50:00+00:00,2026-04-02 11:55:00+00:00,2026-04-05 23:10:00+00:00,0.0010023246016384795,0.0015731579184269065,-0.08360858888502577,8,-0.0013477023946864447,0.0,0.0002853527788097131,7,-22.813279761871627,-3.259039965981661,0.0,9977.186720238125,-0.22813279761874583
BTCUSDT,5m,RandomForestRegressor,36,0.8,6.361879717893113e-05,5000,1000,2026-03-19 14:35:00+00:00,2026-04-05 23:10:00+00:00,2026-04-05 23:15:00+00:00,2026-04-09 10:30:00+00:00,0.001717797502275001,0.0025248497694445415,-0.10865842725163839,192,-0.0002207792292110053,46.35416666666667,0.00030205435177772463,45,-77.59252117509072,-1.7242782483353494,35.55555555555556,9922.407478824907,-0.7759252117509277
BTCUSDT,5m,RandomForestRegressor,36,0.9,0.0001437015500725027,5000,1000,2026-03-19 14:35:00+00:00,2026-04-05 23:10:00+00:00,2026-04-05 23:15:00+00:00,2026-04-09 10:30:00+00:00,0.001717797502275001,0.0025248497694445415,-0.10865842725163839,112,-0.00031842501977796567,49.107142857142854,0.0004453788760104572,30,-41.596947785313205,-1.386564926177107,36.666666666666664,9958.40305221469,-0.4159694778531048
BTCUSDT,5m,RandomForestRegressor,36,0.95,0.0002457260043653099,5000,1000,2026-03-19 14:35:00+00:00,2026-04-05 23:10:00+00:00,2026-04-05 23:15:00+00:00,2026-04-09 10:30:00+00:00,0.001717797502275001,0.0025248497694445415,-0.10865842725163839,56,-0.000655660801145159,37.5,0.0006969608812416961,14,-31.98122323350617,-2.2843730881075834,28.57142857142857,9968.018776766492,-0.31981223233507994
BTCUSDT,5m,RandomForestRegressor,37,0.8,9.421697188612294e-05,5000,1000,2026-03-23 01:55:00+00:00,2026-04-09 10:30:00+00:00,2026-04-09 10:35:00+00:00,2026-04-12 21:50:00+00:00,0.0013100619123695477,0.0020535810681174536,-0.02294896547110538,141,0.00017494857350841688,54.60992907801418,0.0002231123375802801,42,-39.25052226148671,-0.934536244321112,33.33333333333333,9960.74947773852,-0.3925052226148
BTCUSDT,5m,RandomForestRegressor,37,0.9,0.00015515290589391574,5000,1000,2026-03-23 01:55:00+00:00,2026-04-09 10:30:00+00:00,2026-04-09 10:35:00+00:00,2026-04-12 21:50:00+00:00,0.0013100619123695477,0.0020535810681174536,-0.02294896547110538,59,0.00017339565277204423,61.016949152542374,0.00037121592354861913,20,-1.043044810446304,-0.052152240522315194,45.0,9998.956955189553,-0.010430448104470998
BTCUSDT,5m,RandomForestRegressor,37,0.95,0.0002462600486317985,5000,1000,2026-03-23 01:55:00+00:00,2026-04-09 10:30:00+00:00,2026-04-09 10:35:00+00:00,2026-04-12 21:50:00+00:00,0.0013100619123695477,0.0020535810681174536,-0.02294896547110538,27,2.4617237243715838e-05,55.55555555555556,0.0005810179936428533,12,0.8778484585203614,0.07315403821003012,41.66666666666667,10000.877848458516,0.008778484585163825
BTCUSDT,5m,RandomForestRegressor,38,0.8,9.108221888812761e-05,5000,1000,2026-03-26 13:15:00+00:00,2026-04-12 21:50:00+00:00,2026-04-12 21:55:00+00:00,2026-04-16 09:10:00+00:00,0.0015650635494232818,0.0022133119940426094,0.002990633256845939,190,1.6585113317734063e-05,54.21052631578947,0.0002595590399318059,49,-70.10636126918428,-1.4307420667180464,24.489795918367346,9929.893638730822,-0.701063612691778
BTCUSDT,5m,RandomForestRegressor,38,0.9,0.00014960345782295844,5000,1000,2026-03-26 13:15:00+00:00,2026-04-12 21:50:00+00:00,2026-04-12 21:55:00+00:00,2026-04-16 09:10:00+00:00,0.0015650635494232818,0.0022133119940426094,0.002990633256845939,94,9.093542295755111e-05,53.191489361702125,0.00040642912304480143,28,-39.514352084114535,-1.4112268601469478,21.428571428571427,9960.48564791589,-0.39514352084110216
BTCUSDT,5m,RandomForestRegressor,38,0.95,0.0002715713498808321,5000,1000,2026-03-26 13:15:00+00:00,2026-04-12 21:50:00+00:00,2026-04-12 21:55:00+00:00,2026-04-16 09:10:00+00:00,0.0015650635494232818,0.0022133119940426094,0.002990633256845939,46,0.00043618507343422383,58.69565217391305,0.000626418427364292,16,-14.41737632286231,-0.9010860201788944,31.25,9985.582623677139,-0.14417376322860945
BTCUSDT,5m,RandomForestRegressor,39,0.8,0.00011721909110982954,5000,1000,2026-03-30 00:35:00+00:00,2026-04-16 09:10:00+00:00,2026-04-16 09:15:00+00:00,2026-04-19 20:30:00+00:00,0.0014535241932136529,0.0020836467493953507,0.021459527762620837,197,0.0002568346535354009,54.82233502538071,0.0003203286543385012,52,-45.306224607621175,-0.871273550146561,36.53846153846153,9954.693775392385,-0.4530622460761515
BTCUSDT,5m,RandomForestRegressor,39,0.9,0.00020261024056040692,5000,1000,2026-03-30 00:35:00+00:00,2026-04-16 09:10:00+00:00,2026-04-16 09:15:00+00:00,2026-04-19 20:30:00+00:00,0.0014535241932136529,0.0020836467493953507,0.021459527762620837,89,0.00035848950330797486,53.93258426966292,0.0005311314977154906,28,-20.66512179040285,-0.738040063942959,46.42857142857143,9979.3348782096,-0.20665121790400007
BTCUSDT,5m,RandomForestRegressor,39,0.95,0.00033260562750255993,5000,1000,2026-03-30 00:35:00+00:00,2026-04-16 09:10:00+00:00,2026-04-16 09:15:00+00:00,2026-04-19 20:30:00+00:00,0.0014535241932136529,0.0020836467493953507,0.021459527762620837,48,0.0010330760308693459,60.416666666666664,0.0007676153470762209,14,-13.100918438643703,-0.9357798884745502,50.0,9986.89908156136,-0.1310091843864029
BTCUSDT,5m,RandomForestRegressor,40,0.8,0.00011829370604471141,5000,1000,2026-04-02 11:55:00+00:00,2026-04-19 20:30:00+00:00,2026-04-19 20:35:00+00:00,2026-04-23 07:50:00+00:00,0.001627569884725447,0.0022866037705699025,-0.08640653431866285,260,0.0002084980883797485,53.84615384615385,0.0003288338034718941,51,-31.500871577506928,-0.6176641485785672,50.98039215686274,9968.499128422494,-0.31500871577505674
BTCUSDT,5m,RandomForestRegressor,40,0.9,0.00028032826702758135,5000,1000,2026-04-02 11:55:00+00:00,2026-04-19 20:30:00+00:00,2026-04-19 20:35:00+00:00,2026-04-23 07:50:00+00:00,0.001627569884725447,0.0022866037705699025,-0.08640653431866285,115,-5.47816963943901e-05,53.91304347826087,0.0005118485136614921,36,-35.68294241119804,-0.9911928447555012,41.66666666666667,9964.317057588802,-0.3568294241119838
BTCUSDT,5m,RandomForestRegressor,40,0.95,0.00047569614769975743,5000,1000,2026-04-02 11:55:00+00:00,2026-04-19 20:30:00+00:00,2026-04-19 20:35:00+00:00,2026-04-23 07:50:00+00:00,0.001627569884725447,0.0022866037705699025,-0.08640653431866285,53,-0.0006714096459448862,41.509433962264154,0.000692469888344662,22,-14.101786324953196,-0.6409902874978726,40.909090909090914,9985.898213675046,-0.14101786324954446
BTCUSDT,5m,RandomForestRegressor,41,0.8,0.00011672032303312964,5000,1000,2026-04-05 23:15:00+00:00,2026-04-23 07:50:00+00:00,2026-04-23 07:55:00+00:00,2026-04-26 19:10:00+00:00,0.0009897430391425132,0.0014576931246619547,0.1102344737252754,108,0.0002493265536290051,51.85185185185185,0.0002965070270268691,31,-33.23545050816631,-1.0721113067150423,38.70967741935484,9966.764549491836,-0.3323545050816392
BTCUSDT,5m,RandomForestRegressor,41,0.9,0.0002359045690415371,5000,1000,2026-04-05 23:15:00+00:00,2026-04-23 07:50:00+00:00,2026-04-23 07:55:00+00:00,2026-04-26 19:10:00+00:00,0.0009897430391425132,0.0014576931246619547,0.1102344737252754,47,0.00044919610477713213,57.446808510638306,0.0004730476209753924,13,-14.48035581920135,-1.11387352455395,46.15384615384615,9985.5196441808,-0.14480355819199758
BTCUSDT,5m,RandomForestRegressor,41,0.95,0.00043201575937810874,5000,1000,2026-04-05 23:15:00+00:00,2026-04-23 07:50:00+00:00,2026-04-23 07:55:00+00:00,2026-04-26 19:10:00+00:00,0.0009897430391425132,0.0014576931246619547,0.1102344737252754,22,0.0006490118743590552,63.63636363636363,0.0006665862017027732,6,1.994365665921805,0.33239427765363416,83.33333333333334,10001.994365665923,0.019943656659233967
BTCUSDT,5m,RandomForestRegressor,42,0.8,8.494676940644434e-05,5000,1000,2026-04-09 10:35:00+00:00,2026-04-26 19:10:00+00:00,2026-04-26 19:15:00+00:00,2026-04-30 06:30:00+00:00,0.001367826065496722,0.002039198629815649,-0.0218427031040131,215,-0.0003033942782189555,48.372093023255815,0.0004604760375178813,38,-88.32725579547582,-2.3244014683019953,34.21052631578947,9911.672744204525,-0.8832725579547513
BTCUSDT,5m,RandomForestRegressor,42,0.9,0.00022281033670003235,5000,1000,2026-04-09 10:35:00+00:00,2026-04-26 19:10:00+00:00,2026-04-26 19:15:00+00:00,2026-04-30 06:30:00+00:00,0.001367826065496722,0.002039198629815649,-0.0218427031040131,115,-0.0002588789547308706,51.30434782608696,0.0007358801661410038,27,-70.48778320070483,-2.6106586370631417,33.33333333333333,9929.512216799296,-0.7048778320070415
BTCUSDT,5m,RandomForestRegressor,42,0.95,0.00044812013368373226,5000,1000,2026-04-09 10:35:00+00:00,2026-04-26 19:10:00+00:00,2026-04-26 19:15:00+00:00,2026-04-30 06:30:00+00:00,0.001367826065496722,0.002039198629815649,-0.0218427031040131,60,-8.619690087928495e-05,53.333333333333336,0.001137709437699432,14,-31.375883129579847,-2.2411345092557036,42.857142857142854,9968.62411687042,-0.3137588312957996
BTCUSDT,5m,RandomForestRegressor,43,0.8,5.92696970273817e-05,5000,1000,2026-04-12 21:55:00+00:00,2026-04-30 06:30:00+00:00,2026-04-30 06:35:00+00:00,2026-05-03 17:50:00+00:00,0.000861734283924787,0.0012562791306207168,-0.0340131116598912,114,-3.444163527787185e-05,41.228070175438596,0.00016211024308437335,28,-37.36810491480469,-1.334575175528739,21.428571428571427,9962.631895085196,-0.3736810491480355
BTCUSDT,5m,RandomForestRegressor,43,0.9,0.00018631089907616388,5000,1000,2026-04-12 21:55:00+00:00,2026-04-30 06:30:00+00:00,2026-04-30 06:35:00+00:00,2026-05-03 17:50:00+00:00,0.000861734283924787,0.0012562791306207168,-0.0340131116598912,36,-0.00031506258169414447,33.33333333333333,0.0002934974346863298,12,-11.065340826991587,-0.9221117355826323,33.33333333333333,9988.934659173008,-0.11065340826991814
BTCUSDT,5m,RandomForestRegressor,43,0.95,0.0003790566491057231,5000,1000,2026-04-12 21:55:00+00:00,2026-04-30 06:30:00+00:00,2026-04-30 06:35:00+00:00,2026-05-03 17:50:00+00:00,0.000861734283924787,0.0012562791306207168,-0.0340131116598912,7,8.237974711331428e-05,57.14285714285714,0.00047874121109633906,4,2.031887786406969,0.5079719466017423,50.0,10002.031887786408,0.020318877864083332
BTCUSDT,5m,RandomForestRegressor,44,0.8,4.044105869021956e-05,5000,1000,2026-04-16 09:15:00+00:00,2026-05-03 17:50:00+00:00,2026-05-03 17:55:00+00:00,2026-05-07 05:10:00+00:00,0.001441602423736105,0.0021198795235983486,-0.09027034591833169,266,-0.0001611912004873846,45.48872180451128,0.00020433049041914257,49,-84.6576258288651,-1.7277066495686755,30.612244897959183,9915.342374171143,-0.8465762582885691
BTCUSDT,5m,RandomForestRegressor,44,0.9,0.00011002569630969406,5000,1000,2026-04-16 09:15:00+00:00,2026-05-03 17:50:00+00:00,2026-05-03 17:55:00+00:00,2026-05-07 05:10:00+00:00,0.001441602423736105,0.0021198795235983486,-0.09027034591833169,148,-3.8001011698326164e-05,42.567567567567565,0.00031558401845231313,33,-35.422721694711754,-1.0734158089306591,39.39393939393939,9964.577278305294,-0.35422721694705617
BTCUSDT,5m,RandomForestRegressor,44,0.95,0.00022497918373168125,5000,1000,2026-04-16 09:15:00+00:00,2026-05-03 17:50:00+00:00,2026-05-03 17:55:00+00:00,2026-05-07 05:10:00+00:00,0.001441602423736105,0.0021198795235983486,-0.09027034591833169,65,6.120074782586468e-05,46.15384615384615,0.0005247369720335786,14,-11.900446418905403,-0.8500318870646717,35.714285714285715,9988.099553581098,-0.11900446418901993
BTCUSDT,5m,RandomForestRegressor,45,0.8,7.75660359641029e-05,5000,1000,2026-04-19 20:35:00+00:00,2026-05-07 05:10:00+00:00,2026-05-07 05:15:00+00:00,2026-05-10 16:30:00+00:00,0.0008987925948744681,0.001257702761932742,0.05459477003028207,119,1.2750434879146901e-05,55.46218487394958,0.00016717301759201474,36,-41.579425156900015,-1.1549840321361116,27.77777777777778,9958.420574843101,-0.41579425156898653
BTCUSDT,5m,RandomForestRegressor,45,0.9,0.0001240127137050816,5000,1000,2026-04-19 20:35:00+00:00,2026-05-07 05:10:00+00:00,2026-05-07 05:15:00+00:00,2026-05-10 16:30:00+00:00,0.0008987925948744681,0.001257702761932742,0.05459477003028207,39,0.000439674244883517,64.1025641025641,0.000318475937103768,15,-12.817762794784926,-0.8545175196523284,40.0,9987.182237205216,-0.12817762794784357
BTCUSDT,5m,RandomForestRegressor,45,0.95,0.00026661552675381,5000,1000,2026-04-19 20:35:00+00:00,2026-05-07 05:10:00+00:00,2026-05-07 05:15:00+00:00,2026-05-10 16:30:00+00:00,0.0008987925948744681,0.001257702761932742,0.05459477003028207,16,0.000776404354432281,75.0,0.0005380444121228236,7,-19.859398919304112,-2.8370569884720163,42.857142857142854,9980.140601080697,-0.19859398919303203
BTCUSDT,5m,RandomForestRegressor,46,0.8,6.401477400470171e-05,5000,1000,2026-04-23 07:55:00+00:00,2026-05-10 16:30:00+00:00,2026-05-10 16:35:00+00:00,2026-05-14 06:05:00+00:00,0.0012220060107005428,0.0016923570675790092,0.041279151245515386,242,3.0417680151232695e-06,46.69421487603306,0.0002056711327781608,45,-56.103601816894184,-1.246746707042093,28.888888888888886,9943.896398183108,-0.5610360181689248
BTCUSDT,5m,RandomForestRegressor,46,0.9,7.315498395459135e-05,5000,1000,2026-04-23 07:55:00+00:00,2026-05-10 16:30:00+00:00,2026-05-10 16:35:00+00:00,2026-05-14 06:05:00+00:00,0.0012220060107005428,0.0016923570675790092,0.041279151245515386,151,-1.8714624089030589e-06,45.033112582781456,0.00028879935510739755,34,-44.12853912993705,-1.297898209704031,26.47058823529412,9955.871460870067,-0.4412853912993341
BTCUSDT,5m,RandomForestRegressor,46,0.95,0.00015181831356763728,5000,1000,2026-04-23 07:55:00+00:00,2026-05-10 16:30:00+00:00,2026-05-10 16:35:00+00:00,2026-05-14 06:05:00+00:00,0.0012220060107005428,0.0016923570675790092,0.041279151245515386,85,0.00019836208083310277,50.588235294117645,0.0004395787591727865,19,-28.065237363370443,-1.4771177559668653,31.57894736842105,9971.93476263663,-0.28065237363369305
