symbol,timeframe,model_name,ml_proba_threshold,fold,train_rows,test_rows,train_start,train_end,test_start,test_end,accuracy,precision_1,recall_1,f1_1,base_final_equity,base_total_return,base_realized_pnl,base_buy_count,base_sell_count,base_win_rate,base_take_profit_count,base_stop_loss_count,base_sma_exit_count,base_blocked_buy_count,ml_final_equity,ml_total_return,ml_realized_pnl,ml_buy_count,ml_sell_count,ml_win_rate,ml_take_profit_count,ml_stop_loss_count,ml_sma_exit_count,ml_blocked_buy_count,delta_pnl,delta_return
BTCUSDT,5m,RandomForest,0.5,1,5000,1000,2025-11-18 04:25:00+00:00,2025-12-05 13:00:00+00:00,2025-12-05 13:05:00+00:00,2025-12-09 00:20:00+00:00,0.673,0.3985239852398524,0.39705882352941174,0.39779005524861877,9977.473063765476,-0.2252693623452433,-18.326936234522535,7,7,0.0,0,3,4,0,9983.874770875547,-0.16125229124452745,-13.725229124451975,4,4,0.0,0,3,1,3,4.60170711007056,0.06401707110071586
BTCUSDT,5m,RandomForest,0.55,1,5000,1000,2025-11-18 04:25:00+00:00,2025-12-05 13:00:00+00:00,2025-12-05 13:05:00+00:00,2025-12-09 00:20:00+00:00,0.673,0.3985239852398524,0.39705882352941174,0.39779005524861877,9977.473063765476,-0.2252693623452433,-18.326936234522535,7,7,0.0,0,3,4,0,9989.808627707911,-0.10191372292088999,-8.99137229208806,2,2,0.0,0,2,0,5,9.335563942434474,0.12335563942435332
BTCUSDT,5m,RandomForest,0.6,1,5000,1000,2025-11-18 04:25:00+00:00,2025-12-05 13:00:00+00:00,2025-12-05 13:05:00+00:00,2025-12-09 00:20:00+00:00,0.673,0.3985239852398524,0.39705882352941174,0.39779005524861877,9977.473063765476,-0.2252693623452433,-18.326936234522535,7,7,0.0,0,3,4,0,9994.363223252803,-0.05636776747196564,-5.03677674719595,1,1,0.0,0,1,0,6,13.290159487326584,0.16890159487327766
BTCUSDT,5m,RandomForest,0.65,1,5000,1000,2025-11-18 04:25:00+00:00,2025-12-05 13:00:00+00:00,2025-12-05 13:05:00+00:00,2025-12-09 00:20:00+00:00,0.673,0.3985239852398524,0.39705882352941174,0.39779005524861877,9977.473063765476,-0.2252693623452433,-18.326936234522535,7,7,0.0,0,3,4,0,10000.0,0.0,0.0,0,0,0.0,0,0,0,7,18.326936234522535,0.2252693623452433
BTCUSDT,5m,RandomForest,0.5,2,5000,1000,2025-11-21 15:45:00+00:00,2025-12-09 00:20:00+00:00,2025-12-09 00:25:00+00:00,2025-12-12 11:40:00+00:00,0.579,0.32854209445585214,0.6299212598425197,0.4318488529014845,9981.807964944828,-0.181920350551718,-12.192035055172695,10,10,20.0,1,5,4,0,9979.321267573934,-0.20678732426065838,-17.078732426067873,6,6,16.666666666666664,0,3,3,4,-4.8866973708951775,-0.024866973708940365
BTCUSDT,5m,RandomForest,0.55,2,5000,1000,2025-11-21 15:45:00+00:00,2025-12-09 00:20:00+00:00,2025-12-09 00:25:00+00:00,2025-12-12 11:40:00+00:00,0.579,0.32854209445585214,0.6299212598425197,0.4318488529014845,9981.807964944828,-0.181920350551718,-12.192035055172695,10,10,20.0,1,5,4,0,10000.679817969814,0.006798179698143941,1.2798179698146221,1,1,100.0,0,0,1,9,13.471853024987318,0.18871853024986196
BTCUSDT,5m,RandomForest,0.6,2,5000,1000,2025-11-21 15:45:00+00:00,2025-12-09 00:20:00+00:00,2025-12-09 00:25:00+00:00,2025-12-12 11:40:00+00:00,0.579,0.32854209445585214,0.6299212598425197,0.4318488529014845,9981.807964944828,-0.181920350551718,-12.192035055172695,10,10,20.0,1,5,4,0,10000.679817969814,0.006798179698143941,1.2798179698146221,1,1,100.0,0,0,1,9,13.471853024987318,0.18871853024986196
BTCUSDT,5m,RandomForest,0.65,2,5000,1000,2025-11-21 15:45:00+00:00,2025-12-09 00:20:00+00:00,2025-12-09 00:25:00+00:00,2025-12-12 11:40:00+00:00,0.579,0.32854209445585214,0.6299212598425197,0.4318488529014845,9981.807964944828,-0.181920350551718,-12.192035055172695,10,10,20.0,1,5,4,0,10000.0,0.0,0.0,0,0,0.0,0,0,0,10,12.192035055172695,0.181920350551718
BTCUSDT,5m,RandomForest,0.5,3,5000,1000,2025-11-25 03:05:00+00:00,2025-12-12 11:40:00+00:00,2025-12-12 11:45:00+00:00,2025-12-15 23:00:00+00:00,0.763,0.26717557251908397,0.6086956521739131,0.3713527851458886,9978.339936800767,-0.21660063199233265,-17.46006319923302,7,7,0.0,0,1,6,0,9989.92479046153,-0.10075209538470517,-8.87520953847128,2,2,0.0,0,1,1,5,8.58485366076174,0.11584853660762748
BTCUSDT,5m,RandomForest,0.55,3,5000,1000,2025-11-25 03:05:00+00:00,2025-12-12 11:40:00+00:00,2025-12-12 11:45:00+00:00,2025-12-15 23:00:00+00:00,0.763,0.26717557251908397,0.6086956521739131,0.3713527851458886,9978.339936800767,-0.21660063199233265,-17.46006319923302,7,7,0.0,0,1,6,0,9992.66016307714,-0.07339836922859831,-6.73983692285983,1,1,0.0,0,1,0,6,10.72022627637319,0.14320226276373432
BTCUSDT,5m,RandomForest,0.6,3,5000,1000,2025-11-25 03:05:00+00:00,2025-12-12 11:40:00+00:00,2025-12-12 11:45:00+00:00,2025-12-15 23:00:00+00:00,0.763,0.26717557251908397,0.6086956521739131,0.3713527851458886,9978.339936800767,-0.21660063199233265,-17.46006319923302,7,7,0.0,0,1,6,0,10000.0,0.0,0.0,0,0,0.0,0,0,0,7,17.46006319923302,0.21660063199233265
BTCUSDT,5m,RandomForest,0.65,3,5000,1000,2025-11-25 03:05:00+00:00,2025-12-12 11:40:00+00:00,2025-12-12 11:45:00+00:00,2025-12-15 23:00:00+00:00,0.763,0.26717557251908397,0.6086956521739131,0.3713527851458886,9978.339936800767,-0.21660063199233265,-17.46006319923302,7,7,0.0,0,1,6,0,10000.0,0.0,0.0,0,0,0.0,0,0,0,7,17.46006319923302,0.21660063199233265
BTCUSDT,5m,RandomForest,0.5,4,5000,1000,2025-11-28 14:25:00+00:00,2025-12-15 23:00:00+00:00,2025-12-15 23:05:00+00:00,2025-12-19 10:20:00+00:00,0.518,0.37358490566037733,0.5689655172413793,0.4510250569476082,9995.004322696737,-0.04995677303262709,-0.7956773032618414,7,7,42.857142857142854,0,2,5,0,9988.394285015767,-0.1160571498423269,-9.805714984232964,3,3,0.0,0,2,1,4,-9.010037680971122,-0.06610037680969981
BTCUSDT,5m,RandomForest,0.55,4,5000,1000,2025-11-28 14:25:00+00:00,2025-12-15 23:00:00+00:00,2025-12-15 23:05:00+00:00,2025-12-19 10:20:00+00:00,0.518,0.37358490566037733,0.5689655172413793,0.4510250569476082,9995.004322696737,-0.04995677303262709,-0.7956773032618414,7,7,42.857142857142854,0,2,5,0,10000.0,0.0,0.0,0,0,0.0,0,0,0,7,0.7956773032618414,0.04995677303262709
BTCUSDT,5m,RandomForest,0.6,4,5000,1000,2025-11-28 14:25:00+00:00,2025-12-15 23:00:00+00:00,2025-12-15 23:05:00+00:00,2025-12-19 10:20:00+00:00,0.518,0.37358490566037733,0.5689655172413793,0.4510250569476082,9995.004322696737,-0.04995677303262709,-0.7956773032618414,7,7,42.857142857142854,0,2,5,0,10000.0,0.0,0.0,0,0,0.0,0,0,0,7,0.7956773032618414,0.04995677303262709
BTCUSDT,5m,RandomForest,0.65,4,5000,1000,2025-11-28 14:25:00+00:00,2025-12-15 23:00:00+00:00,2025-12-15 23:05:00+00:00,2025-12-19 10:20:00+00:00,0.518,0.37358490566037733,0.5689655172413793,0.4510250569476082,9995.004322696737,-0.04995677303262709,-0.7956773032618414,7,7,42.857142857142854,0,2,5,0,10000.0,0.0,0.0,0,0,0.0,0,0,0,7,0.7956773032618414,0.04995677303262709
BTCUSDT,5m,RandomForest,0.5,5,5000,1000,2025-12-02 01:45:00+00:00,2025-12-19 10:20:00+00:00,2025-12-19 10:25:00+00:00,2025-12-22 21:40:00+00:00,0.682,0.3150684931506849,0.4380952380952381,0.3665338645418327,9989.358536980046,-0.10641463019954245,-5.241463019951382,9,9,44.44444444444444,0,3,5,0,9997.678846443983,-0.023211535560167248,-1.1211535560149493,2,2,50.0,0,1,1,7,4.120309463936433,0.0832030946393752
BTCUSDT,5m,RandomForest,0.55,5,5000,1000,2025-12-02 01:45:00+00:00,2025-12-19 10:20:00+00:00,2025-12-19 10:25:00+00:00,2025-12-22 21:40:00+00:00,0.682,0.3150684931506849,0.4380952380952381,0.3665338645418327,9989.358536980046,-0.10641463019954245,-5.241463019951382,9,9,44.44444444444444,0,3,5,0,9995.559474179414,-0.04440525820586117,-3.8405258205853596,1,1,0.0,0,1,0,8,1.4009371993660227,0.06200937199368128
BTCUSDT,5m,RandomForest,0.6,5,5000,1000,2025-12-02 01:45:00+00:00,2025-12-19 10:20:00+00:00,2025-12-19 10:25:00+00:00,2025-12-22 21:40:00+00:00,0.682,0.3150684931506849,0.4380952380952381,0.3665338645418327,9989.358536980046,-0.10641463019954245,-5.241463019951382,9,9,44.44444444444444,0,3,5,0,10000.0,0.0,0.0,0,0,0.0,0,0,0,9,5.241463019951382,0.10641463019954245
BTCUSDT,5m,RandomForest,0.65,5,5000,1000,2025-12-02 01:45:00+00:00,2025-12-19 10:20:00+00:00,2025-12-19 10:25:00+00:00,2025-12-22 21:40:00+00:00,0.682,0.3150684931506849,0.4380952380952381,0.3665338645418327,9989.358536980046,-0.10641463019954245,-5.241463019951382,9,9,44.44444444444444,0,3,5,0,10000.0,0.0,0.0,0,0,0.0,0,0,0,9,5.241463019951382,0.10641463019954245
BTCUSDT,5m,RandomForest,0.5,6,5000,1000,2025-12-05 13:05:00+00:00,2025-12-22 21:40:00+00:00,2025-12-22 21:45:00+00:00,2025-12-26 09:00:00+00:00,0.663,0.28205128205128205,0.43781094527363185,0.34307992202729043,9974.760085062213,-0.25239914937787034,-19.83991493778749,9,9,11.11111111111111,0,3,6,0,9984.755845961765,-0.1524415403823514,-13.444154038235578,3,3,0.0,0,3,0,6,6.395760899551913,0.09995760899551895
BTCUSDT,5m,RandomForest,0.55,6,5000,1000,2025-12-05 13:05:00+00:00,2025-12-22 21:40:00+00:00,2025-12-22 21:45:00+00:00,2025-12-26 09:00:00+00:00,0.663,0.28205128205128205,0.43781094527363185,0.34307992202729043,9974.760085062213,-0.25239914937787034,-19.83991493778749,9,9,11.11111111111111,0,3,6,0,9995.31116450397,-0.04688835496030151,-4.088835496030257,1,1,0.0,0,1,0,8,15.751079441757234,0.2055107944175688
BTCUSDT,5m,RandomForest,0.6,6,5000,1000,2025-12-05 13:05:00+00:00,2025-12-22 21:40:00+00:00,2025-12-22 21:45:00+00:00,2025-12-26 09:00:00+00:00,0.663,0.28205128205128205,0.43781094527363185,0.34307992202729043,9974.760085062213,-0.25239914937787034,-19.83991493778749,9,9,11.11111111111111,0,3,6,0,10000.0,0.0,0.0,0,0,0.0,0,0,0,9,19.83991493778749,0.25239914937787034
BTCUSDT,5m,RandomForest,0.65,6,5000,1000,2025-12-05 13:05:00+00:00,2025-12-22 21:40:00+00:00,2025-12-22 21:45:00+00:00,2025-12-26 09:00:00+00:00,0.663,0.28205128205128205,0.43781094527363185,0.34307992202729043,9974.760085062213,-0.25239914937787034,-19.83991493778749,9,9,11.11111111111111,0,3,6,0,10000.0,0.0,0.0,0,0,0.0,0,0,0,9,19.83991493778749,0.25239914937787034
BTCUSDT,5m,RandomForest,0.5,7,5000,1000,2025-12-09 00:25:00+00:00,2025-12-26 09:00:00+00:00,2025-12-26 09:05:00+00:00,2025-12-29 20:20:00+00:00,0.774,0.23857868020304568,0.3821138211382114,0.29375,9992.248873269195,-0.07751126730805481,-4.151126730803603,6,6,33.33333333333333,0,0,6,0,9996.77914774372,-0.03220852256279613,-2.620852256279732,1,1,0.0,0,0,1,5,1.5302744745238712,0.04530274474525868
BTCUSDT,5m,RandomForest,0.55,7,5000,1000,2025-12-09 00:25:00+00:00,2025-12-26 09:00:00+00:00,2025-12-26 09:05:00+00:00,2025-12-29 20:20:00+00:00,0.774,0.23857868020304568,0.3821138211382114,0.29375,9992.248873269195,-0.07751126730805481,-4.151126730803603,6,6,33.33333333333333,0,0,6,0,10000.0,0.0,0.0,0,0,0.0,0,0,0,6,4.151126730803603,0.07751126730805481
BTCUSDT,5m,RandomForest,0.6,7,5000,1000,2025-12-09 00:25:00+00:00,2025-12-26 09:00:00+00:00,2025-12-26 09:05:00+00:00,2025-12-29 20:20:00+00:00,0.774,0.23857868020304568,0.3821138211382114,0.29375,9992.248873269195,-0.07751126730805481,-4.151126730803603,6,6,33.33333333333333,0,0,6,0,10000.0,0.0,0.0,0,0,0.0,0,0,0,6,4.151126730803603,0.07751126730805481
BTCUSDT,5m,RandomForest,0.65,7,5000,1000,2025-12-09 00:25:00+00:00,2025-12-26 09:00:00+00:00,2025-12-26 09:05:00+00:00,2025-12-29 20:20:00+00:00,0.774,0.23857868020304568,0.3821138211382114,0.29375,9992.248873269195,-0.07751126730805481,-4.151126730803603,6,6,33.33333333333333,0,0,6,0,10000.0,0.0,0.0,0,0,0.0,0,0,0,6,4.151126730803603,0.07751126730805481
BTCUSDT,5m,RandomForest,0.5,8,5000,1000,2025-12-12 11:45:00+00:00,2025-12-29 20:20:00+00:00,2025-12-29 20:25:00+00:00,2026-01-02 07:40:00+00:00,0.582,0.15047021943573669,0.24615384615384617,0.1867704280155642,9980.975304047824,-0.19024695952175533,-14.224695952173827,8,8,12.5,0,1,7,0,9990.593252762013,-0.09406747237986565,-7.606747237985646,3,3,0.0,0,1,2,5,6.617948714188181,0.09617948714188967
BTCUSDT,5m,RandomForest,0.55,8,5000,1000,2025-12-12 11:45:00+00:00,2025-12-29 20:20:00+00:00,2025-12-29 20:25:00+00:00,2026-01-02 07:40:00+00:00,0.582,0.15047021943573669,0.24615384615384617,0.1867704280155642,9980.975304047824,-0.19024695952175533,-14.224695952173827,8,8,12.5,0,1,7,0,10000.0,0.0,0.0,0,0,0.0,0,0,0,8,14.224695952173827,0.19024695952175533
BTCUSDT,5m,RandomForest,0.6,8,5000,1000,2025-12-12 11:45:00+00:00,2025-12-29 20:20:00+00:00,2025-12-29 20:25:00+00:00,2026-01-02 07:40:00+00:00,0.582,0.15047021943573669,0.24615384615384617,0.1867704280155642,9980.975304047824,-0.19024695952175533,-14.224695952173827,8,8,12.5,0,1,7,0,10000.0,0.0,0.0,0,0,0.0,0,0,0,8,14.224695952173827,0.19024695952175533
BTCUSDT,5m,RandomForest,0.65,8,5000,1000,2025-12-12 11:45:00+00:00,2025-12-29 20:20:00+00:00,2025-12-29 20:25:00+00:00,2026-01-02 07:40:00+00:00,0.582,0.15047021943573669,0.24615384615384617,0.1867704280155642,9980.975304047824,-0.19024695952175533,-14.224695952173827,8,8,12.5,0,1,7,0,10000.0,0.0,0.0,0,0,0.0,0,0,0,8,14.224695952173827,0.19024695952175533
BTCUSDT,5m,RandomForest,0.5,9,5000,1000,2025-12-15 23:05:00+00:00,2026-01-02 07:40:00+00:00,2026-01-02 07:45:00+00:00,2026-01-05 19:00:00+00:00,0.627,0.2949852507374631,0.42735042735042733,0.34904013961605584,9982.960283508279,-0.17039716491721266,-9.239716491722463,13,13,23.076923076923077,0,1,12,0,10003.369681659946,0.03369681659945854,4.5696816599453465,2,2,50.0,0,0,2,11,13.80939815166781,0.20409398151667119
BTCUSDT,5m,RandomForest,0.55,9,5000,1000,2025-12-15 23:05:00+00:00,2026-01-02 07:40:00+00:00,2026-01-02 07:45:00+00:00,2026-01-05 19:00:00+00:00,0.627,0.2949852507374631,0.42735042735042733,0.34904013961605584,9982.960283508279,-0.17039716491721266,-9.239716491722463,13,13,23.076923076923077,0,1,12,0,10000.0,0.0,0.0,0,0,0.0,0,0,0,13,9.239716491722463,0.17039716491721266
BTCUSDT,5m,RandomForest,0.6,9,5000,1000,2025-12-15 23:05:00+00:00,2026-01-02 07:40:00+00:00,2026-01-02 07:45:00+00:00,2026-01-05 19:00:00+00:00,0.627,0.2949852507374631,0.42735042735042733,0.34904013961605584,9982.960283508279,-0.17039716491721266,-9.239716491722463,13,13,23.076923076923077,0,1,12,0,10000.0,0.0,0.0,0,0,0.0,0,0,0,13,9.239716491722463,0.17039716491721266
BTCUSDT,5m,RandomForest,0.65,9,5000,1000,2025-12-15 23:05:00+00:00,2026-01-02 07:40:00+00:00,2026-01-02 07:45:00+00:00,2026-01-05 19:00:00+00:00,0.627,0.2949852507374631,0.42735042735042733,0.34904013961605584,9982.960283508279,-0.17039716491721266,-9.239716491722463,13,13,23.076923076923077,0,1,12,0,10000.0,0.0,0.0,0,0,0.0,0,0,0,13,9.239716491722463,0.17039716491721266
BTCUSDT,5m,RandomForest,0.5,10,5000,1000,2025-12-19 10:25:00+00:00,2026-01-05 19:00:00+00:00,2026-01-05 19:05:00+00:00,2026-01-09 06:20:00+00:00,0.562,0.29844961240310075,0.6695652173913044,0.4128686327077748,9951.323525519358,-0.4867647448064235,-37.87647448064308,18,18,16.666666666666664,0,5,13,0,9975.209494187913,-0.2479050581208685,-20.590505812087837,7,7,14.285714285714285,0,3,4,11,17.285968668555245,0.23885968668555502
BTCUSDT,5m,RandomForest,0.55,10,5000,1000,2025-12-19 10:25:00+00:00,2026-01-05 19:00:00+00:00,2026-01-05 19:05:00+00:00,2026-01-09 06:20:00+00:00,0.562,0.29844961240310075,0.6695652173913044,0.4128686327077748,9951.323525519358,-0.4867647448064235,-37.87647448064308,18,18,16.666666666666664,0,5,13,0,9995.960013620905,-0.04039986379095353,-2.8399863790964663,2,2,50.0,0,1,1,16,35.03648810154662,0.44636488101547
BTCUSDT,5m,RandomForest,0.6,10,5000,1000,2025-12-19 10:25:00+00:00,2026-01-05 19:00:00+00:00,2026-01-05 19:05:00+00:00,2026-01-09 06:20:00+00:00,0.562,0.29844961240310075,0.6695652173913044,0.4128686327077748,9951.323525519358,-0.4867647448064235,-37.87647448064308,18,18,16.666666666666664,0,5,13,0,9995.650926105249,-0.043490738947512,-3.7490738947522164,1,1,0.0,0,1,0,17,34.12740058589087,0.4432740058589115
BTCUSDT,5m,RandomForest,0.65,10,5000,1000,2025-12-19 10:25:00+00:00,2026-01-05 19:00:00+00:00,2026-01-05 19:05:00+00:00,2026-01-09 06:20:00+00:00,0.562,0.29844961240310075,0.6695652173913044,0.4128686327077748,9951.323525519358,-0.4867647448064235,-37.87647448064308,18,18,16.666666666666664,0,5,13,0,10000.0,0.0,0.0,0,0,0.0,0,0,0,18,37.87647448064308,0.4867647448064235
BTCUSDT,5m,RandomForest,0.5,11,5000,1000,2025-12-22 21:45:00+00:00,2026-01-09 06:20:00+00:00,2026-01-09 06:25:00+00:00,2026-01-12 17:40:00+00:00,0.772,0.3435114503816794,0.6164383561643836,0.4411764705882353,9979.624338561565,-0.2037566143843469,-14.975661438434035,9,9,11.11111111111111,0,2,7,0,9994.00140105776,-0.05998598942240278,-5.39859894224078,1,1,0.0,0,1,0,8,9.577062496193253,0.1437706249619441
BTCUSDT,5m,RandomForest,0.55,11,5000,1000,2025-12-22 21:45:00+00:00,2026-01-09 06:20:00+00:00,2026-01-09 06:25:00+00:00,2026-01-12 17:40:00+00:00,0.772,0.3435114503816794,0.6164383561643836,0.4411764705882353,9979.624338561565,-0.2037566143843469,-14.975661438434035,9,9,11.11111111111111,0,2,7,0,9994.00140105776,-0.05998598942240278,-5.39859894224078,1,1,0.0,0,1,0,8,9.577062496193253,0.1437706249619441
BTCUSDT,5m,RandomForest,0.6,11,5000,1000,2025-12-22 21:45:00+00:00,2026-01-09 06:20:00+00:00,2026-01-09 06:25:00+00:00,2026-01-12 17:40:00+00:00,0.772,0.3435114503816794,0.6164383561643836,0.4411764705882353,9979.624338561565,-0.2037566143843469,-14.975661438434035,9,9,11.11111111111111,0,2,7,0,9994.00140105776,-0.05998598942240278,-5.39859894224078,1,1,0.0,0,1,0,8,9.577062496193253,0.1437706249619441
BTCUSDT,5m,RandomForest,0.65,11,5000,1000,2025-12-22 21:45:00+00:00,2026-01-09 06:20:00+00:00,2026-01-09 06:25:00+00:00,2026-01-12 17:40:00+00:00,0.772,0.3435114503816794,0.6164383561643836,0.4411764705882353,9979.624338561565,-0.2037566143843469,-14.975661438434035,9,9,11.11111111111111,0,2,7,0,9994.00140105776,-0.05998598942240278,-5.39859894224078,1,1,0.0,0,1,0,8,9.577062496193253,0.1437706249619441
BTCUSDT,5m,RandomForest,0.5,12,5000,1000,2025-12-26 09:05:00+00:00,2026-01-12 17:40:00+00:00,2026-01-12 17:45:00+00:00,2026-01-16 05:00:00+00:00,0.552,0.34099616858237547,0.6312056737588653,0.4427860696517413,9979.554216459166,-0.20445783540833873,-15.64578354083469,8,8,12.5,0,1,7,0,9990.516017271333,-0.09483982728666888,-7.68398272866709,3,3,0.0,0,1,2,5,7.961800812167601,0.10961800812166984
BTCUSDT,5m,RandomForest,0.55,12,5000,1000,2025-12-26 09:05:00+00:00,2026-01-12 17:40:00+00:00,2026-01-12 17:45:00+00:00,2026-01-16 05:00:00+00:00,0.552,0.34099616858237547,0.6312056737588653,0.4427860696517413,9979.554216459166,-0.20445783540833873,-15.64578354083469,8,8,12.5,0,1,7,0,9990.516017271333,-0.09483982728666888,-7.68398272866709,3,3,0.0,0,1,2,5,7.961800812167601,0.10961800812166984
BTCUSDT,5m,RandomForest,0.6,12,5000,1000,2025-12-26 09:05:00+00:00,2026-01-12 17:40:00+00:00,2026-01-12 17:45:00+00:00,2026-01-16 05:00:00+00:00,0.552,0.34099616858237547,0.6312056737588653,0.4427860696517413,9979.554216459166,-0.20445783540833873,-15.64578354083469,8,8,12.5,0,1,7,0,9990.516017271333,-0.09483982728666888,-7.68398272866709,3,3,0.0,0,1,2,5,7.961800812167601,0.10961800812166984
BTCUSDT,5m,RandomForest,0.65,12,5000,1000,2025-12-26 09:05:00+00:00,2026-01-12 17:40:00+00:00,2026-01-12 17:45:00+00:00,2026-01-16 05:00:00+00:00,0.552,0.34099616858237547,0.6312056737588653,0.4427860696517413,9979.554216459166,-0.20445783540833873,-15.64578354083469,8,8,12.5,0,1,7,0,9992.87242571359,-0.0712757428641089,-5.927574286410998,2,2,0.0,0,1,1,6,9.718209254423693,0.13318209254422983
BTCUSDT,5m,RandomForest,0.5,13,5000,1000,2025-12-29 20:25:00+00:00,2026-01-16 05:00:00+00:00,2026-01-16 05:05:00+00:00,2026-01-19 16:20:00+00:00,0.77,0.12571428571428572,0.2222222222222222,0.16058394160583941,9972.802306071982,-0.2719769392801754,-18.79769392801369,14,14,28.57142857142857,0,2,11,0,9991.80516961301,-0.08194830386990361,-6.99483038698948,2,2,0.0,0,1,1,12,11.802863541024209,0.19002863541027182
BTCUSDT,5m,RandomForest,0.55,13,5000,1000,2025-12-29 20:25:00+00:00,2026-01-16 05:00:00+00:00,2026-01-16 05:05:00+00:00,2026-01-19 16:20:00+00:00,0.77,0.12571428571428572,0.2222222222222222,0.16058394160583941,9972.802306071982,-0.2719769392801754,-18.79769392801369,14,14,28.57142857142857,0,2,11,0,9991.80516961301,-0.08194830386990361,-6.99483038698948,2,2,0.0,0,1,1,12,11.802863541024209,0.19002863541027182
BTCUSDT,5m,RandomForest,0.6,13,5000,1000,2025-12-29 20:25:00+00:00,2026-01-16 05:00:00+00:00,2026-01-16 05:05:00+00:00,2026-01-19 16:20:00+00:00,0.77,0.12571428571428572,0.2222222222222222,0.16058394160583941,9972.802306071982,-0.2719769392801754,-18.79769392801369,14,14,28.57142857142857,0,2,11,0,9994.320526379644,-0.05679473620355566,-5.079473620354901,1,1,0.0,0,1,0,13,13.71822030765879,0.21518220307661975
BTCUSDT,5m,RandomForest,0.65,13,5000,1000,2025-12-29 20:25:00+00:00,2026-01-16 05:00:00+00:00,2026-01-16 05:05:00+00:00,2026-01-19 16:20:00+00:00,0.77,0.12571428571428572,0.2222222222222222,0.16058394160583941,9972.802306071982,-0.2719769392801754,-18.79769392801369,14,14,28.57142857142857,0,2,11,0,9994.320526379644,-0.05679473620355566,-5.079473620354901,1,1,0.0,0,1,0,13,13.71822030765879,0.21518220307661975
BTCUSDT,5m,RandomForest,0.5,14,5000,1000,2026-01-02 07:45:00+00:00,2026-01-19 16:20:00+00:00,2026-01-19 16:25:00+00:00,2026-01-23 03:40:00+00:00,0.587,0.31952662721893493,0.7043478260869566,0.4396200814111262,10013.624261738933,0.13624261738932544,18.42426173893134,8,8,50.0,1,1,6,0,10020.263689221356,0.2026368922135589,22.66368922135495,4,4,75.0,1,1,2,4,4.239427482423611,0.06639427482423346
BTCUSDT,5m,RandomForest,0.55,14,5000,1000,2026-01-02 07:45:00+00:00,2026-01-19 16:20:00+00:00,2026-01-19 16:25:00+00:00,2026-01-23 03:40:00+00:00,0.587,0.31952662721893493,0.7043478260869566,0.4396200814111262,10013.624261738933,0.13624261738932544,18.42426173893134,8,8,50.0,1,1,6,0,10020.263689221356,0.2026368922135589,22.66368922135495,4,4,75.0,1,1,2,4,4.239427482423611,0.06639427482423346
BTCUSDT,5m,RandomForest,0.6,14,5000,1000,2026-01-02 07:45:00+00:00,2026-01-19 16:20:00+00:00,2026-01-19 16:25:00+00:00,2026-01-23 03:40:00+00:00,0.587,0.31952662721893493,0.7043478260869566,0.4396200814111262,10013.624261738933,0.13624261738932544,18.42426173893134,8,8,50.0,1,1,6,0,10020.263689221356,0.2026368922135589,22.66368922135495,4,4,75.0,1,1,2,4,4.239427482423611,0.06639427482423346
BTCUSDT,5m,RandomForest,0.65,14,5000,1000,2026-01-02 07:45:00+00:00,2026-01-19 16:20:00+00:00,2026-01-19 16:25:00+00:00,2026-01-23 03:40:00+00:00,0.587,0.31952662721893493,0.7043478260869566,0.4396200814111262,10013.624261738933,0.13624261738932544,18.42426173893134,8,8,50.0,1,1,6,0,10009.95228355925,0.09952283559250645,11.152283559249645,2,2,100.0,0,0,2,6,-7.271978179681694,-0.03671978179681899
BTCUSDT,5m,RandomForest,0.5,15,5000,1000,2026-01-05 19:05:00+00:00,2026-01-23 03:40:00+00:00,2026-01-23 03:45:00+00:00,2026-01-26 15:00:00+00:00,0.719,0.26885245901639343,0.5857142857142857,0.3685393258426966,9973.423344000159,-0.26576655999841026,-19.976655999840816,11,11,9.090909090909092,0,3,8,0,9991.128546599883,-0.08871453400117389,-7.671453400117572,2,2,0.0,0,2,0,9,12.305202599723245,0.17705202599723635
BTCUSDT,5m,RandomForest,0.55,15,5000,1000,2026-01-05 19:05:00+00:00,2026-01-23 03:40:00+00:00,2026-01-23 03:45:00+00:00,2026-01-26 15:00:00+00:00,0.719,0.26885245901639343,0.5857142857142857,0.3685393258426966,9973.423344000159,-0.26576655999841026,-19.976655999840816,11,11,9.090909090909092,0,3,8,0,9991.128546599883,-0.08871453400117389,-7.671453400117572,2,2,0.0,0,2,0,9,12.305202599723245,0.17705202599723635
BTCUSDT,5m,RandomForest,0.6,15,5000,1000,2026-01-05 19:05:00+00:00,2026-01-23 03:40:00+00:00,2026-01-23 03:45:00+00:00,2026-01-26 15:00:00+00:00,0.719,0.26885245901639343,0.5857142857142857,0.3685393258426966,9973.423344000159,-0.26576655999841026,-19.976655999840816,11,11,9.090909090909092,0,3,8,0,9991.128546599883,-0.08871453400117389,-7.671453400117572,2,2,0.0,0,2,0,9,12.305202599723245,0.17705202599723635
BTCUSDT,5m,RandomForest,0.65,15,5000,1000,2026-01-05 19:05:00+00:00,2026-01-23 03:40:00+00:00,2026-01-23 03:45:00+00:00,2026-01-26 15:00:00+00:00,0.719,0.26885245901639343,0.5857142857142857,0.3685393258426966,9973.423344000159,-0.26576655999841026,-19.976655999840816,11,11,9.090909090909092,0,3,8,0,9995.403506049335,-0.04596493950664808,-3.996493950665168,1,1,0.0,0,1,0,10,15.980162049175647,0.21980162049176216
BTCUSDT,5m,RandomForest,0.5,16,5000,1000,2026-01-09 06:25:00+00:00,2026-01-26 15:00:00+00:00,2026-01-26 15:05:00+00:00,2026-01-30 02:20:00+00:00,0.528,0.3202846975088968,0.6666666666666666,0.4326923076923077,9968.508138179128,-0.31491861820872147,-21.8918618208697,16,16,12.5,0,5,11,0,9976.496078422293,-0.23503921577706935,-15.703921577706115,13,13,15.384615384615385,0,5,8,3,6.187940243163585,0.07987940243165212
BTCUSDT,5m,RandomForest,0.55,16,5000,1000,2026-01-09 06:25:00+00:00,2026-01-26 15:00:00+00:00,2026-01-26 15:05:00+00:00,2026-01-30 02:20:00+00:00,0.528,0.3202846975088968,0.6666666666666666,0.4326923076923077,9968.508138179128,-0.31491861820872147,-21.8918618208697,16,16,12.5,0,5,11,0,9978.752382411136,-0.21247617588864162,-14.647617588863898,11,11,9.090909090909092,0,5,6,5,7.244244232005801,0.10244244232007985
BTCUSDT,5m,RandomForest,0.6,16,5000,1000,2026-01-09 06:25:00+00:00,2026-01-26 15:00:00+00:00,2026-01-26 15:05:00+00:00,2026-01-30 02:20:00+00:00,0.528,0.3202846975088968,0.6666666666666666,0.4326923076923077,9968.508138179128,-0.31491861820872147,-21.8918618208697,16,16,12.5,0,5,11,0,9989.003798797805,-0.10996201202195152,-6.1962012021943425,8,8,12.5,0,3,5,8,15.695660618675358,0.20495660618676995
BTCUSDT,5m,RandomForest,0.65,16,5000,1000,2026-01-09 06:25:00+00:00,2026-01-26 15:00:00+00:00,2026-01-26 15:05:00+00:00,2026-01-30 02:20:00+00:00,0.528,0.3202846975088968,0.6666666666666666,0.4326923076923077,9968.508138179128,-0.31491861820872147,-21.8918618208697,16,16,12.5,0,5,11,0,9999.245046117085,-0.00754953882915288,2.2450461170859732,5,5,20.0,0,2,3,11,24.136907937955673,0.3073690793795686
BTCUSDT,5m,RandomForest,0.5,17,5000,1000,2026-01-12 17:45:00+00:00,2026-01-30 02:20:00+00:00,2026-01-30 02:25:00+00:00,2026-02-02 13:40:00+00:00,0.491,0.3672627235213205,0.8449367088607594,0.5119846596356663,9979.231679654069,-0.20768320345930985,-13.56832034592853,12,12,33.33333333333333,0,4,8,0,9987.853807693959,-0.12146192306041485,-6.746192306038382,9,9,44.44444444444444,0,4,5,3,6.822128039890148,0.086221280398895
BTCUSDT,5m,RandomForest,0.55,17,5000,1000,2026-01-12 17:45:00+00:00,2026-01-30 02:20:00+00:00,2026-01-30 02:25:00+00:00,2026-02-02 13:40:00+00:00,0.491,0.3672627235213205,0.8449367088607594,0.5119846596356663,9979.231679654069,-0.20768320345930985,-13.56832034592853,12,12,33.33333333333333,0,4,8,0,9987.438363083234,-0.12561636916765564,-7.761636916764659,8,8,37.5,0,4,4,4,5.806683429163871,0.0820668342916542
BTCUSDT,5m,RandomForest,0.6,17,5000,1000,2026-01-12 17:45:00+00:00,2026-01-30 02:20:00+00:00,2026-01-30 02:25:00+00:00,2026-02-02 13:40:00+00:00,0.491,0.3672627235213205,0.8449367088607594,0.5119846596356663,9979.231679654069,-0.20768320345930985,-13.56832034592853,12,12,33.33333333333333,0,4,8,0,9984.855214808682,-0.1514478519131808,-11.54478519131617,6,6,33.33333333333333,0,4,2,6,2.023535154612361,0.05623535154612905
BTCUSDT,5m,RandomForest,0.65,17,5000,1000,2026-01-12 17:45:00+00:00,2026-01-30 02:20:00+00:00,2026-01-30 02:25:00+00:00,2026-02-02 13:40:00+00:00,0.491,0.3672627235213205,0.8449367088607594,0.5119846596356663,9979.231679654069,-0.20768320345930985,-13.56832034592853,12,12,33.33333333333333,0,4,8,0,9989.06159929566,-0.10938400704340893,-7.93840070433949,5,5,40.0,0,3,2,7,5.62991964158904,0.09829919641590092
BTCUSDT,5m,RandomForest,0.5,18,5000,1000,2026-01-16 05:05:00+00:00,2026-02-02 13:40:00+00:00,2026-02-02 13:45:00+00:00,2026-02-06 01:00:00+00:00,0.43,0.33045622688039455,0.9084745762711864,0.484629294755877,9982.718615073649,-0.17281384926351168,-14.88138492635016,4,4,0.0,0,3,1,0,9990.016541599616,-0.09983458400383825,-8.783458400383282,2,2,0.0,0,2,0,2,6.097926525966878,0.07297926525967342
BTCUSDT,5m,RandomForest,0.55,18,5000,1000,2026-01-16 05:05:00+00:00,2026-02-02 13:40:00+00:00,2026-02-02 13:45:00+00:00,2026-02-06 01:00:00+00:00,0.43,0.33045622688039455,0.9084745762711864,0.484629294755877,9982.718615073649,-0.17281384926351168,-14.88138492635016,4,4,0.0,0,3,1,0,9990.016541599616,-0.09983458400383825,-8.783458400383282,2,2,0.0,0,2,0,2,6.097926525966878,0.07297926525967342
BTCUSDT,5m,RandomForest,0.6,18,5000,1000,2026-01-16 05:05:00+00:00,2026-02-02 13:40:00+00:00,2026-02-02 13:45:00+00:00,2026-02-06 01:00:00+00:00,0.43,0.33045622688039455,0.9084745762711864,0.484629294755877,9982.718615073649,-0.17281384926351168,-14.88138492635016,4,4,0.0,0,3,1,0,9990.016541599616,-0.09983458400383825,-8.783458400383282,2,2,0.0,0,2,0,2,6.097926525966878,0.07297926525967342
BTCUSDT,5m,RandomForest,0.65,18,5000,1000,2026-01-16 05:05:00+00:00,2026-02-02 13:40:00+00:00,2026-02-02 13:45:00+00:00,2026-02-06 01:00:00+00:00,0.43,0.33045622688039455,0.9084745762711864,0.484629294755877,9982.718615073649,-0.17281384926351168,-14.88138492635016,4,4,0.0,0,3,1,0,9990.016541599616,-0.09983458400383825,-8.783458400383282,2,2,0.0,0,2,0,2,6.097926525966878,0.07297926525967342
BTCUSDT,5m,RandomForest,0.5,19,5000,1000,2026-01-19 16:25:00+00:00,2026-02-06 01:00:00+00:00,2026-02-06 01:05:00+00:00,2026-02-09 12:20:00+00:00,0.546,0.46494464944649444,0.6057692307692307,0.5260960334029228,9985.05396845109,-0.14946031548910468,-8.946031548909556,10,10,30.0,1,4,4,0,9987.224565951605,-0.12775434048395257,-9.775434048394889,5,5,20.0,1,3,0,5,-0.8294024994853331,0.021705975005152117
BTCUSDT,5m,RandomForest,0.55,19,5000,1000,2026-01-19 16:25:00+00:00,2026-02-06 01:00:00+00:00,2026-02-06 01:05:00+00:00,2026-02-09 12:20:00+00:00,0.546,0.46494464944649444,0.6057692307692307,0.5260960334029228,9985.05396845109,-0.14946031548910468,-8.946031548909556,10,10,30.0,1,4,4,0,9998.485716506862,-0.015142834931375547,0.8857165068633615,4,4,25.0,1,2,0,6,9.831748055772916,0.13431748055772913
BTCUSDT,5m,RandomForest,0.6,19,5000,1000,2026-01-19 16:25:00+00:00,2026-02-06 01:00:00+00:00,2026-02-06 01:05:00+00:00,2026-02-09 12:20:00+00:00,0.546,0.46494464944649444,0.6057692307692307,0.5260960334029228,9985.05396845109,-0.14946031548910468,-8.946031548909556,10,10,30.0,1,4,4,0,9984.329590006932,-0.1567040999306846,-13.87040999306755,3,3,0.0,0,2,0,7,-4.924378444157995,-0.007243784441579915
BTCUSDT,5m,RandomForest,0.65,19,5000,1000,2026-01-19 16:25:00+00:00,2026-02-06 01:00:00+00:00,2026-02-06 01:05:00+00:00,2026-02-09 12:20:00+00:00,0.546,0.46494464944649444,0.6057692307692307,0.5260960334029228,9985.05396845109,-0.14946031548910468,-8.946031548909556,10,10,30.0,1,4,4,0,9990.483499894153,-0.09516500105846716,-8.316500105846293,2,2,0.0,0,1,0,8,0.6295314430632626,0.05429531443063752
BTCUSDT,5m,RandomForest,0.5,20,5000,1000,2026-01-23 03:45:00+00:00,2026-02-09 12:20:00+00:00,2026-02-09 12:25:00+00:00,2026-02-12 23:40:00+00:00,0.49,0.3786549707602339,0.752906976744186,0.5038910505836576,9974.790149117563,-0.25209850882436513,-19.20985088243536,10,10,20.0,0,5,5,0,9979.402597031416,-0.20597402968583994,-15.797402968583343,8,8,25.0,0,5,3,2,3.4124479138520183,0.04612447913852519
BTCUSDT,5m,RandomForest,0.55,20,5000,1000,2026-01-23 03:45:00+00:00,2026-02-09 12:20:00+00:00,2026-02-09 12:25:00+00:00,2026-02-12 23:40:00+00:00,0.49,0.3786549707602339,0.752906976744186,0.5038910505836576,9974.790149117563,-0.25209850882436513,-19.20985088243536,10,10,20.0,0,5,5,0,9983.561890983081,-0.16438109016919042,-12.838109016918288,6,6,16.666666666666664,0,4,2,4,6.371741865517073,0.08771741865517471
BTCUSDT,5m,RandomForest,0.6,20,5000,1000,2026-01-23 03:45:00+00:00,2026-02-09 12:20:00+00:00,2026-02-09 12:25:00+00:00,2026-02-12 23:40:00+00:00,0.49,0.3786549707602339,0.752906976744186,0.5038910505836576,9974.790149117563,-0.25209850882436513,-19.20985088243536,10,10,20.0,0,5,5,0,9992.370647200418,-0.07629352799582194,-7.029352799581455,1,1,0.0,0,1,0,9,12.180498082853907,0.17580498082854318
BTCUSDT,5m,RandomForest,0.65,20,5000,1000,2026-01-23 03:45:00+00:00,2026-02-09 12:20:00+00:00,2026-02-09 12:25:00+00:00,2026-02-12 23:40:00+00:00,0.49,0.3786549707602339,0.752906976744186,0.5038910505836576,9974.790149117563,-0.25209850882436513,-19.20985088243536,10,10,20.0,0,5,5,0,10000.0,0.0,0.0,0,0,0.0,0,0,0,10,19.20985088243536,0.25209850882436513
BTCUSDT,5m,RandomForest,0.5,21,5000,1000,2026-01-26 15:05:00+00:00,2026-02-12 23:40:00+00:00,2026-02-12 23:45:00+00:00,2026-02-16 11:00:00+00:00,0.647,0.35909090909090907,0.27147766323024053,0.30919765166340507,9998.115987668403,-0.018840123315967502,2.3159876684031158,7,7,42.857142857142854,0,1,6,0,9997.24367493084,-0.02756325069160084,-2.1563250691601383,1,1,0.0,0,0,1,6,-4.472312737563254,-0.008723127375633338
BTCUSDT,5m,RandomForest,0.55,21,5000,1000,2026-01-26 15:05:00+00:00,2026-02-12 23:40:00+00:00,2026-02-12 23:45:00+00:00,2026-02-16 11:00:00+00:00,0.647,0.35909090909090907,0.27147766323024053,0.30919765166340507,9998.115987668403,-0.018840123315967502,2.3159876684031158,7,7,42.857142857142854,0,1,6,0,10000.0,0.0,0.0,0,0,0.0,0,0,0,7,-2.3159876684031158,0.018840123315967502
BTCUSDT,5m,RandomForest,0.6,21,5000,1000,2026-01-26 15:05:00+00:00,2026-02-12 23:40:00+00:00,2026-02-12 23:45:00+00:00,2026-02-16 11:00:00+00:00,0.647,0.35909090909090907,0.27147766323024053,0.30919765166340507,9998.115987668403,-0.018840123315967502,2.3159876684031158,7,7,42.857142857142854,0,1,6,0,10000.0,0.0,0.0,0,0,0.0,0,0,0,7,-2.3159876684031158,0.018840123315967502
BTCUSDT,5m,RandomForest,0.65,21,5000,1000,2026-01-26 15:05:00+00:00,2026-02-12 23:40:00+00:00,2026-02-12 23:45:00+00:00,2026-02-16 11:00:00+00:00,0.647,0.35909090909090907,0.27147766323024053,0.30919765166340507,9998.115987668403,-0.018840123315967502,2.3159876684031158,7,7,42.857142857142854,0,1,6,0,10000.0,0.0,0.0,0,0,0.0,0,0,0,7,-2.3159876684031158,0.018840123315967502
BTCUSDT,5m,RandomForest,0.5,22,5000,1000,2026-01-30 02:25:00+00:00,2026-02-16 11:00:00+00:00,2026-02-16 11:05:00+00:00,2026-02-19 22:20:00+00:00,0.61,0.3589041095890411,0.4564459930313589,0.401840490797546,9970.153145423577,-0.2984685457642263,-21.446854576422844,14,14,35.714285714285715,0,5,9,0,9977.732305700993,-0.22267694299007418,-17.467694299007707,8,8,25.0,0,4,4,6,3.9791602774151364,0.07579160277415214
BTCUSDT,5m,RandomForest,0.55,22,5000,1000,2026-01-30 02:25:00+00:00,2026-02-16 11:00:00+00:00,2026-02-16 11:05:00+00:00,2026-02-19 22:20:00+00:00,0.61,0.3589041095890411,0.4564459930313589,0.401840490797546,9970.153145423577,-0.2984685457642263,-21.446854576422844,14,14,35.714285714285715,0,5,9,0,9995.631483655026,-0.043685163449736136,-3.7685163449735697,1,1,0.0,0,1,0,13,17.678338231449274,0.25478338231449016
BTCUSDT,5m,RandomForest,0.6,22,5000,1000,2026-01-30 02:25:00+00:00,2026-02-16 11:00:00+00:00,2026-02-16 11:05:00+00:00,2026-02-19 22:20:00+00:00,0.61,0.3589041095890411,0.4564459930313589,0.401840490797546,9970.153145423577,-0.2984685457642263,-21.446854576422844,14,14,35.714285714285715,0,5,9,0,10000.0,0.0,0.0,0,0,0.0,0,0,0,14,21.446854576422844,0.2984685457642263
BTCUSDT,5m,RandomForest,0.65,22,5000,1000,2026-01-30 02:25:00+00:00,2026-02-16 11:00:00+00:00,2026-02-16 11:05:00+00:00,2026-02-19 22:20:00+00:00,0.61,0.3589041095890411,0.4564459930313589,0.401840490797546,9970.153145423577,-0.2984685457642263,-21.446854576422844,14,14,35.714285714285715,0,5,9,0,10000.0,0.0,0.0,0,0,0.0,0,0,0,14,21.446854576422844,0.2984685457642263
BTCUSDT,5m,RandomForest,0.5,23,5000,1000,2026-02-02 13:45:00+00:00,2026-02-19 22:20:00+00:00,2026-02-19 22:25:00+00:00,2026-02-23 09:40:00+00:00,0.707,0.42702702702702705,0.29699248120300753,0.35033259423503327,9990.960085000728,-0.09039914999271786,-3.0399149992725842,10,10,30.0,0,1,9,0,9998.640314708753,-0.013596852912469332,0.44031470875280654,3,3,33.33333333333333,0,1,2,7,3.4802297080253908,0.07680229708024854
BTCUSDT,5m,RandomForest,0.55,23,5000,1000,2026-02-02 13:45:00+00:00,2026-02-19 22:20:00+00:00,2026-02-19 22:25:00+00:00,2026-02-23 09:40:00+00:00,0.707,0.42702702702702705,0.29699248120300753,0.35033259423503327,9990.960085000728,-0.09039914999271786,-3.0399149992725842,10,10,30.0,0,1,9,0,9998.794497678462,-0.01205502321538006,-0.6055023215382745,1,1,0.0,0,0,1,9,2.4344126777343096,0.0783441267773378
BTCUSDT,5m,RandomForest,0.6,23,5000,1000,2026-02-02 13:45:00+00:00,2026-02-19 22:20:00+00:00,2026-02-19 22:25:00+00:00,2026-02-23 09:40:00+00:00,0.707,0.42702702702702705,0.29699248120300753,0.35033259423503327,9990.960085000728,-0.09039914999271786,-3.0399149992725842,10,10,30.0,0,1,9,0,10000.0,0.0,0.0,0,0,0.0,0,0,0,10,3.0399149992725842,0.09039914999271786
BTCUSDT,5m,RandomForest,0.65,23,5000,1000,2026-02-02 13:45:00+00:00,2026-02-19 22:20:00+00:00,2026-02-19 22:25:00+00:00,2026-02-23 09:40:00+00:00,0.707,0.42702702702702705,0.29699248120300753,0.35033259423503327,9990.960085000728,-0.09039914999271786,-3.0399149992725842,10,10,30.0,0,1,9,0,10000.0,0.0,0.0,0,0,0.0,0,0,0,10,3.0399149992725842,0.09039914999271786
BTCUSDT,5m,RandomForest,0.5,24,5000,1000,2026-02-06 01:05:00+00:00,2026-02-23 09:40:00+00:00,2026-02-23 09:45:00+00:00,2026-02-26 21:00:00+00:00,0.548,0.36091954022988504,0.4743202416918429,0.40992167101827676,10005.06962112626,0.05069621126260245,9.869621126262452,8,8,50.0,1,1,6,0,10006.043316473262,0.06043316473262167,9.643316473262942,6,6,33.33333333333333,1,1,4,2,-0.22630465299950941,0.009736953470019218
BTCUSDT,5m,RandomForest,0.55,24,5000,1000,2026-02-06 01:05:00+00:00,2026-02-23 09:40:00+00:00,2026-02-23 09:45:00+00:00,2026-02-26 21:00:00+00:00,0.548,0.36091954022988504,0.4743202416918429,0.40992167101827676,10005.06962112626,0.05069621126260245,9.869621126262452,8,8,50.0,1,1,6,0,10011.935887221693,0.1193588722169261,14.33588722169226,4,4,50.0,1,1,2,4,4.466266095429809,0.06866266095432366
BTCUSDT,5m,RandomForest,0.6,24,5000,1000,2026-02-06 01:05:00+00:00,2026-02-23 09:40:00+00:00,2026-02-23 09:45:00+00:00,2026-02-26 21:00:00+00:00,0.548,0.36091954022988504,0.4743202416918429,0.40992167101827676,10005.06962112626,0.05069621126260245,9.869621126262452,8,8,50.0,1,1,6,0,10018.116094663415,0.18116094663415425,19.316094663415413,2,2,100.0,1,0,1,6,9.446473537152961,0.1304647353715518
BTCUSDT,5m,RandomForest,0.65,24,5000,1000,2026-02-06 01:05:00+00:00,2026-02-23 09:40:00+00:00,2026-02-23 09:45:00+00:00,2026-02-26 21:00:00+00:00,0.548,0.36091954022988504,0.4743202416918429,0.40992167101827676,10005.06962112626,0.05069621126260245,9.869621126262452,8,8,50.0,1,1,6,0,10014.17338911711,0.14173389117109764,14.77338911710999,1,1,100.0,1,0,0,7,4.903767990847538,0.09103767990849518
BTCUSDT,5m,RandomForest,0.5,25,5000,1000,2026-02-09 12:25:00+00:00,2026-02-26 21:00:00+00:00,2026-02-26 21:05:00+00:00,2026-03-02 08:20:00+00:00,0.579,0.4140127388535032,0.5735294117647058,0.4808877928483354,9949.13507421237,-0.5086492578762954,-42.46492578762799,14,14,14.285714285714285,0,6,8,0,9980.414205396068,-0.195857946039323,-15.985794603931895,6,6,16.666666666666664,0,2,4,8,26.479131183696097,0.31279131183697245
BTCUSDT,5m,RandomForest,0.55,25,5000,1000,2026-02-09 12:25:00+00:00,2026-02-26 21:00:00+00:00,2026-02-26 21:05:00+00:00,2026-03-02 08:20:00+00:00,0.579,0.4140127388535032,0.5735294117647058,0.4808877928483354,9949.13507421237,-0.5086492578762954,-42.46492578762799,14,14,14.285714285714285,0,6,8,0,9991.582227853109,-0.08417772146891367,-7.217772146890948,2,2,0.0,0,1,1,12,35.24715364073704,0.4244715364073818
BTCUSDT,5m,RandomForest,0.6,25,5000,1000,2026-02-09 12:25:00+00:00,2026-02-26 21:00:00+00:00,2026-02-26 21:05:00+00:00,2026-03-02 08:20:00+00:00,0.579,0.4140127388535032,0.5735294117647058,0.4808877928483354,9949.13507421237,-0.5086492578762954,-42.46492578762799,14,14,14.285714285714285,0,6,8,0,9991.582227853109,-0.08417772146891367,-7.217772146890948,2,2,0.0,0,1,1,12,35.24715364073704,0.4244715364073818
BTCUSDT,5m,RandomForest,0.65,25,5000,1000,2026-02-09 12:25:00+00:00,2026-02-26 21:00:00+00:00,2026-02-26 21:05:00+00:00,2026-03-02 08:20:00+00:00,0.579,0.4140127388535032,0.5735294117647058,0.4808877928483354,9949.13507421237,-0.5086492578762954,-42.46492578762799,14,14,14.285714285714285,0,6,8,0,10000.0,0.0,0.0,0,0,0.0,0,0,0,14,42.46492578762799,0.5086492578762954
BTCUSDT,5m,RandomForest,0.5,26,5000,1000,2026-02-12 23:45:00+00:00,2026-03-02 08:20:00+00:00,2026-03-02 08:25:00+00:00,2026-03-05 19:40:00+00:00,0.488,0.3915022761760243,0.6991869918699187,0.5019455252918288,10013.984857346768,0.13984857346767968,19.984857346766134,10,10,50.0,1,3,6,0,10007.020478330294,0.07020478330294282,8.820478330294266,3,3,33.33333333333333,1,1,1,7,-11.164379016471868,-0.06964379016473686
BTCUSDT,5m,RandomForest,0.55,26,5000,1000,2026-02-12 23:45:00+00:00,2026-03-02 08:20:00+00:00,2026-03-02 08:25:00+00:00,2026-03-05 19:40:00+00:00,0.488,0.3915022761760243,0.6991869918699187,0.5019455252918288,10013.984857346768,0.13984857346767968,19.984857346766134,10,10,50.0,1,3,6,0,9994.90395100611,-0.05096048993889781,-4.496048993889113,1,1,0.0,0,1,0,9,-24.480906340655245,-0.1908090634065775
BTCUSDT,5m,RandomForest,0.6,26,5000,1000,2026-02-12 23:45:00+00:00,2026-03-02 08:20:00+00:00,2026-03-02 08:25:00+00:00,2026-03-05 19:40:00+00:00,0.488,0.3915022761760243,0.6991869918699187,0.5019455252918288,10013.984857346768,0.13984857346767968,19.984857346766134,10,10,50.0,1,3,6,0,10000.0,0.0,0.0,0,0,0.0,0,0,0,10,-19.984857346766134,-0.13984857346767968
BTCUSDT,5m,RandomForest,0.65,26,5000,1000,2026-02-12 23:45:00+00:00,2026-03-02 08:20:00+00:00,2026-03-02 08:25:00+00:00,2026-03-05 19:40:00+00:00,0.488,0.3915022761760243,0.6991869918699187,0.5019455252918288,10013.984857346768,0.13984857346767968,19.984857346766134,10,10,50.0,1,3,6,0,10000.0,0.0,0.0,0,0,0.0,0,0,0,10,-19.984857346766134,-0.13984857346767968
BTCUSDT,5m,RandomForest,0.5,27,5000,1000,2026-02-16 11:05:00+00:00,2026-03-05 19:40:00+00:00,2026-03-05 19:45:00+00:00,2026-03-09 07:00:00+00:00,0.694,0.37906137184115524,0.4393305439330544,0.4069767441860465,9975.735718519674,-0.24264281480325736,-18.864281480324962,9,9,22.22222222222222,0,3,6,0,10000.0,0.0,0.0,0,0,0.0,0,0,0,9,18.864281480324962,0.24264281480325736
BTCUSDT,5m,RandomForest,0.55,27,5000,1000,2026-02-16 11:05:00+00:00,2026-03-05 19:40:00+00:00,2026-03-05 19:45:00+00:00,2026-03-09 07:00:00+00:00,0.694,0.37906137184115524,0.4393305439330544,0.4069767441860465,9975.735718519674,-0.24264281480325736,-18.864281480324962,9,9,22.22222222222222,0,3,6,0,10000.0,0.0,0.0,0,0,0.0,0,0,0,9,18.864281480324962,0.24264281480325736
BTCUSDT,5m,RandomForest,0.6,27,5000,1000,2026-02-16 11:05:00+00:00,2026-03-05 19:40:00+00:00,2026-03-05 19:45:00+00:00,2026-03-09 07:00:00+00:00,0.694,0.37906137184115524,0.4393305439330544,0.4069767441860465,9975.735718519674,-0.24264281480325736,-18.864281480324962,9,9,22.22222222222222,0,3,6,0,10000.0,0.0,0.0,0,0,0.0,0,0,0,9,18.864281480324962,0.24264281480325736
BTCUSDT,5m,RandomForest,0.65,27,5000,1000,2026-02-16 11:05:00+00:00,2026-03-05 19:40:00+00:00,2026-03-05 19:45:00+00:00,2026-03-09 07:00:00+00:00,0.694,0.37906137184115524,0.4393305439330544,0.4069767441860465,9975.735718519674,-0.24264281480325736,-18.864281480324962,9,9,22.22222222222222,0,3,6,0,10000.0,0.0,0.0,0,0,0.0,0,0,0,9,18.864281480324962,0.24264281480325736
BTCUSDT,5m,RandomForest,0.5,28,5000,1000,2026-02-19 22:25:00+00:00,2026-03-09 07:00:00+00:00,2026-03-09 07:05:00+00:00,2026-03-12 18:20:00+00:00,0.607,0.43722943722943725,0.6029850746268657,0.506900878293601,9999.802928869996,-0.0019707113000367827,7.602928869995943,13,13,23.076923076923077,2,3,8,0,10014.707205801538,0.14707205801538292,20.10720580153774,9,9,33.33333333333333,2,2,5,4,12.5042769315418,0.1490427693154197
BTCUSDT,5m,RandomForest,0.55,28,5000,1000,2026-02-19 22:25:00+00:00,2026-03-09 07:00:00+00:00,2026-03-09 07:05:00+00:00,2026-03-12 18:20:00+00:00,0.607,0.43722943722943725,0.6029850746268657,0.506900878293601,9999.802928869996,-0.0019707113000367827,7.602928869995943,13,13,23.076923076923077,2,3,8,0,9999.809926033615,-0.0019007396638517095,3.4099260336139734,6,6,16.666666666666664,1,2,3,7,-4.19300283638197,6.997163618507321e-05
BTCUSDT,5m,RandomForest,0.6,28,5000,1000,2026-02-19 22:25:00+00:00,2026-03-09 07:00:00+00:00,2026-03-09 07:05:00+00:00,2026-03-12 18:20:00+00:00,0.607,0.43722943722943725,0.6029850746268657,0.506900878293601,9999.802928869996,-0.0019707113000367827,7.602928869995943,13,13,23.076923076923077,2,3,8,0,10008.893085391088,0.0889308539108788,10.693085391087703,3,3,33.33333333333333,1,1,1,10,3.0901565210917594,0.09090156521091558
BTCUSDT,5m,RandomForest,0.65,28,5000,1000,2026-02-19 22:25:00+00:00,2026-03-09 07:00:00+00:00,2026-03-09 07:05:00+00:00,2026-03-12 18:20:00+00:00,0.607,0.43722943722943725,0.6029850746268657,0.506900878293601,9999.802928869996,-0.0019707113000367827,7.602928869995943,13,13,23.076923076923077,2,3,8,0,9993.608812645158,-0.06391187354842259,-5.191187354842189,2,2,0.0,0,1,1,11,-12.794116224838131,-0.06194116224838581
BTCUSDT,5m,RandomForest,0.5,29,5000,1000,2026-02-23 09:45:00+00:00,2026-03-12 18:20:00+00:00,2026-03-12 18:25:00+00:00,2026-03-16 05:40:00+00:00,0.602,0.35094339622641507,0.29153605015673983,0.3184931506849315,9998.589718855448,-0.014102811445518455,4.5897188554465105,10,10,40.0,1,1,8,0,10011.93354119369,0.11933541193689962,13.133541193689842,2,2,50.0,1,0,1,8,8.54382233824333,0.13343822338241806
BTCUSDT,5m,RandomForest,0.55,29,5000,1000,2026-02-23 09:45:00+00:00,2026-03-12 18:20:00+00:00,2026-03-12 18:25:00+00:00,2026-03-16 05:40:00+00:00,0.602,0.35094339622641507,0.29153605015673983,0.3184931506849315,9998.589718855448,-0.014102811445518455,4.5897188554465105,10,10,40.0,1,1,8,0,10000.0,0.0,0.0,0,0,0.0,0,0,0,10,-4.5897188554465105,0.014102811445518455
BTCUSDT,5m,RandomForest,0.6,29,5000,1000,2026-02-23 09:45:00+00:00,2026-03-12 18:20:00+00:00,2026-03-12 18:25:00+00:00,2026-03-16 05:40:00+00:00,0.602,0.35094339622641507,0.29153605015673983,0.3184931506849315,9998.589718855448,-0.014102811445518455,4.5897188554465105,10,10,40.0,1,1,8,0,10000.0,0.0,0.0,0,0,0.0,0,0,0,10,-4.5897188554465105,0.014102811445518455
BTCUSDT,5m,RandomForest,0.65,29,5000,1000,2026-02-23 09:45:00+00:00,2026-03-12 18:20:00+00:00,2026-03-12 18:25:00+00:00,2026-03-16 05:40:00+00:00,0.602,0.35094339622641507,0.29153605015673983,0.3184931506849315,9998.589718855448,-0.014102811445518455,4.5897188554465105,10,10,40.0,1,1,8,0,10000.0,0.0,0.0,0,0,0.0,0,0,0,10,-4.5897188554465105,0.014102811445518455
BTCUSDT,5m,RandomForest,0.5,30,5000,1000,2026-02-26 21:05:00+00:00,2026-03-16 05:40:00+00:00,2026-03-16 05:45:00+00:00,2026-03-19 17:00:00+00:00,0.558,0.3584905660377358,0.5570032573289903,0.4362244897959184,9980.624213501073,-0.19375786498927483,-13.975786498929144,9,9,22.22222222222222,0,1,8,0,9992.36787505712,-0.07632124942880182,-6.432124942880355,2,2,0.0,0,1,1,7,7.543661556048789,0.11743661556047301
BTCUSDT,5m,RandomForest,0.55,30,5000,1000,2026-02-26 21:05:00+00:00,2026-03-16 05:40:00+00:00,2026-03-16 05:45:00+00:00,2026-03-19 17:00:00+00:00,0.558,0.3584905660377358,0.5570032573289903,0.4362244897959184,9980.624213501073,-0.19375786498927483,-13.975786498929144,9,9,22.22222222222222,0,1,8,0,9995.124289399659,-0.048757106003413354,-4.275710600341821,1,1,0.0,0,1,0,8,9.700075898587324,0.14500075898586148
BTCUSDT,5m,RandomForest,0.6,30,5000,1000,2026-02-26 21:05:00+00:00,2026-03-16 05:40:00+00:00,2026-03-16 05:45:00+00:00,2026-03-19 17:00:00+00:00,0.558,0.3584905660377358,0.5570032573289903,0.4362244897959184,9980.624213501073,-0.19375786498927483,-13.975786498929144,9,9,22.22222222222222,0,1,8,0,10000.0,0.0,0.0,0,0,0.0,0,0,0,9,13.975786498929144,0.19375786498927483
BTCUSDT,5m,RandomForest,0.65,30,5000,1000,2026-02-26 21:05:00+00:00,2026-03-16 05:40:00+00:00,2026-03-16 05:45:00+00:00,2026-03-19 17:00:00+00:00,0.558,0.3584905660377358,0.5570032573289903,0.4362244897959184,9980.624213501073,-0.19375786498927483,-13.975786498929144,9,9,22.22222222222222,0,1,8,0,10000.0,0.0,0.0,0,0,0.0,0,0,0,9,13.975786498929144,0.19375786498927483
BTCUSDT,5m,RandomForest,0.5,31,5000,1000,2026-03-02 08:25:00+00:00,2026-03-19 17:00:00+00:00,2026-03-19 17:05:00+00:00,2026-03-23 04:20:00+00:00,0.691,0.3543307086614173,0.3829787234042553,0.36809815950920244,9983.077106104858,-0.16922893895141897,-13.322893895144004,6,6,16.666666666666664,0,2,4,0,9998.715723195875,-0.012842768041246018,-0.6842768041248123,1,1,0.0,0,0,1,5,12.638617091019192,0.15638617091017296
BTCUSDT,5m,RandomForest,0.55,31,5000,1000,2026-03-02 08:25:00+00:00,2026-03-19 17:00:00+00:00,2026-03-19 17:05:00+00:00,2026-03-23 04:20:00+00:00,0.691,0.3543307086614173,0.3829787234042553,0.36809815950920244,9983.077106104858,-0.16922893895141897,-13.322893895144004,6,6,16.666666666666664,0,2,4,0,10000.0,0.0,0.0,0,0,0.0,0,0,0,6,13.322893895144004,0.16922893895141897
BTCUSDT,5m,RandomForest,0.6,31,5000,1000,2026-03-02 08:25:00+00:00,2026-03-19 17:00:00+00:00,2026-03-19 17:05:00+00:00,2026-03-23 04:20:00+00:00,0.691,0.3543307086614173,0.3829787234042553,0.36809815950920244,9983.077106104858,-0.16922893895141897,-13.322893895144004,6,6,16.666666666666664,0,2,4,0,10000.0,0.0,0.0,0,0,0.0,0,0,0,6,13.322893895144004,0.16922893895141897
BTCUSDT,5m,RandomForest,0.65,31,5000,1000,2026-03-02 08:25:00+00:00,2026-03-19 17:00:00+00:00,2026-03-19 17:05:00+00:00,2026-03-23 04:20:00+00:00,0.691,0.3543307086614173,0.3829787234042553,0.36809815950920244,9983.077106104858,-0.16922893895141897,-13.322893895144004,6,6,16.666666666666664,0,2,4,0,10000.0,0.0,0.0,0,0,0.0,0,0,0,6,13.322893895144004,0.16922893895141897
BTCUSDT,5m,RandomForest,0.5,32,5000,1000,2026-03-05 19:45:00+00:00,2026-03-23 04:20:00+00:00,2026-03-23 04:25:00+00:00,2026-03-26 15:40:00+00:00,0.519,0.2907801418439716,0.40460526315789475,0.33837689133425036,9972.71403308535,-0.2728596691464918,-20.68596691465065,11,11,9.090909090909092,0,5,6,0,9983.57957265561,-0.16420427344390193,-14.020427344390917,4,4,0.0,0,3,1,7,6.665539570259732,0.10865539570258986
BTCUSDT,5m,RandomForest,0.55,32,5000,1000,2026-03-05 19:45:00+00:00,2026-03-23 04:20:00+00:00,2026-03-23 04:25:00+00:00,2026-03-26 15:40:00+00:00,0.519,0.2907801418439716,0.40460526315789475,0.33837689133425036,9972.71403308535,-0.2728596691464918,-20.68596691465065,11,11,9.090909090909092,0,5,6,0,9990.399146686344,-0.09600853313655534,-8.400853313654075,2,2,0.0,0,2,0,9,12.285113600996574,0.17685113600993646
BTCUSDT,5m,RandomForest,0.6,32,5000,1000,2026-03-05 19:45:00+00:00,2026-03-23 04:20:00+00:00,2026-03-23 04:25:00+00:00,2026-03-26 15:40:00+00:00,0.519,0.2907801418439716,0.40460526315789475,0.33837689133425036,9972.71403308535,-0.2728596691464918,-20.68596691465065,11,11,9.090909090909092,0,5,6,0,10000.0,0.0,0.0,0,0,0.0,0,0,0,11,20.68596691465065,0.2728596691464918
BTCUSDT,5m,RandomForest,0.65,32,5000,1000,2026-03-05 19:45:00+00:00,2026-03-23 04:20:00+00:00,2026-03-23 04:25:00+00:00,2026-03-26 15:40:00+00:00,0.519,0.2907801418439716,0.40460526315789475,0.33837689133425036,9972.71403308535,-0.2728596691464918,-20.68596691465065,11,11,9.090909090909092,0,5,6,0,10000.0,0.0,0.0,0,0,0.0,0,0,0,11,20.68596691465065,0.2728596691464918
BTCUSDT,5m,RandomForest,0.5,33,5000,1000,2026-03-09 07:05:00+00:00,2026-03-26 15:40:00+00:00,2026-03-26 15:45:00+00:00,2026-03-30 03:00:00+00:00,0.663,0.3076923076923077,0.3876651982378855,0.34307992202729043,9979.796258400953,-0.20203741599047134,-14.2037415990444,10,10,30.0,0,2,8,0,9997.761811675227,-0.022381883247726365,-1.0381883247718071,2,2,50.0,0,0,2,8,13.165553274272593,0.17965553274274498
BTCUSDT,5m,RandomForest,0.55,33,5000,1000,2026-03-09 07:05:00+00:00,2026-03-26 15:40:00+00:00,2026-03-26 15:45:00+00:00,2026-03-30 03:00:00+00:00,0.663,0.3076923076923077,0.3876651982378855,0.34307992202729043,9979.796258400953,-0.20203741599047134,-14.2037415990444,10,10,30.0,0,2,8,0,10000.0,0.0,0.0,0,0,0.0,0,0,0,10,14.2037415990444,0.20203741599047134
BTCUSDT,5m,RandomForest,0.6,33,5000,1000,2026-03-09 07:05:00+00:00,2026-03-26 15:40:00+00:00,2026-03-26 15:45:00+00:00,2026-03-30 03:00:00+00:00,0.663,0.3076923076923077,0.3876651982378855,0.34307992202729043,9979.796258400953,-0.20203741599047134,-14.2037415990444,10,10,30.0,0,2,8,0,10000.0,0.0,0.0,0,0,0.0,0,0,0,10,14.2037415990444,0.20203741599047134
BTCUSDT,5m,RandomForest,0.65,33,5000,1000,2026-03-09 07:05:00+00:00,2026-03-26 15:40:00+00:00,2026-03-26 15:45:00+00:00,2026-03-30 03:00:00+00:00,0.663,0.3076923076923077,0.3876651982378855,0.34307992202729043,9979.796258400953,-0.20203741599047134,-14.2037415990444,10,10,30.0,0,2,8,0,10000.0,0.0,0.0,0,0,0.0,0,0,0,10,14.2037415990444,0.20203741599047134
BTCUSDT,5m,RandomForest,0.5,34,5000,1000,2026-03-12 18:25:00+00:00,2026-03-30 03:00:00+00:00,2026-03-30 03:05:00+00:00,2026-04-02 14:20:00+00:00,0.489,0.3157894736842105,0.5980066445182725,0.4133180252583238,10018.237578451632,0.18237578451631634,23.637578451634084,9,9,55.55555555555556,1,1,6,0,10014.25732237978,0.14257322379780818,16.65732237978208,4,4,50.0,1,1,2,5,-6.980256071852004,-0.039802560718508156
BTCUSDT,5m,RandomForest,0.55,34,5000,1000,2026-03-12 18:25:00+00:00,2026-03-30 03:00:00+00:00,2026-03-30 03:05:00+00:00,2026-04-02 14:20:00+00:00,0.489,0.3157894736842105,0.5980066445182725,0.4133180252583238,10018.237578451632,0.18237578451631634,23.637578451634084,9,9,55.55555555555556,1,1,6,0,10000.0,0.0,0.0,0,0,0.0,0,0,0,9,-23.637578451634084,-0.18237578451631634
BTCUSDT,5m,RandomForest,0.6,34,5000,1000,2026-03-12 18:25:00+00:00,2026-03-30 03:00:00+00:00,2026-03-30 03:05:00+00:00,2026-04-02 14:20:00+00:00,0.489,0.3157894736842105,0.5980066445182725,0.4133180252583238,10018.237578451632,0.18237578451631634,23.637578451634084,9,9,55.55555555555556,1,1,6,0,10000.0,0.0,0.0,0,0,0.0,0,0,0,9,-23.637578451634084,-0.18237578451631634
BTCUSDT,5m,RandomForest,0.65,34,5000,1000,2026-03-12 18:25:00+00:00,2026-03-30 03:00:00+00:00,2026-03-30 03:05:00+00:00,2026-04-02 14:20:00+00:00,0.489,0.3157894736842105,0.5980066445182725,0.4133180252583238,10018.237578451632,0.18237578451631634,23.637578451634084,9,9,55.55555555555556,1,1,6,0,10000.0,0.0,0.0,0,0,0.0,0,0,0,9,-23.637578451634084,-0.18237578451631634
BTCUSDT,5m,RandomForest,0.5,35,5000,1000,2026-03-16 05:45:00+00:00,2026-04-02 14:20:00+00:00,2026-04-02 14:25:00+00:00,2026-04-06 01:40:00+00:00,0.742,0.28484848484848485,0.25133689839572193,0.26704545454545453,9998.64023215625,-0.013597678437508875,5.240232156249789,11,11,36.36363636363637,1,1,9,0,9997.007195545051,-0.02992804454948782,-0.592804454948527,4,4,25.0,0,0,4,7,-5.833036611198316,-0.016330366111978946
BTCUSDT,5m,RandomForest,0.55,35,5000,1000,2026-03-16 05:45:00+00:00,2026-04-02 14:20:00+00:00,2026-04-02 14:25:00+00:00,2026-04-06 01:40:00+00:00,0.742,0.28484848484848485,0.25133689839572193,0.26704545454545453,9998.64023215625,-0.013597678437508875,5.240232156249789,11,11,36.36363636363637,1,1,9,0,10000.0,0.0,0.0,0,0,0.0,0,0,0,11,-5.240232156249789,0.013597678437508875
BTCUSDT,5m,RandomForest,0.6,35,5000,1000,2026-03-16 05:45:00+00:00,2026-04-02 14:20:00+00:00,2026-04-02 14:25:00+00:00,2026-04-06 01:40:00+00:00,0.742,0.28484848484848485,0.25133689839572193,0.26704545454545453,9998.64023215625,-0.013597678437508875,5.240232156249789,11,11,36.36363636363637,1,1,9,0,10000.0,0.0,0.0,0,0,0.0,0,0,0,11,-5.240232156249789,0.013597678437508875
BTCUSDT,5m,RandomForest,0.65,35,5000,1000,2026-03-16 05:45:00+00:00,2026-04-02 14:20:00+00:00,2026-04-02 14:25:00+00:00,2026-04-06 01:40:00+00:00,0.742,0.28484848484848485,0.25133689839572193,0.26704545454545453,9998.64023215625,-0.013597678437508875,5.240232156249789,11,11,36.36363636363637,1,1,9,0,10000.0,0.0,0.0,0,0,0.0,0,0,0,11,-5.240232156249789,0.013597678437508875
BTCUSDT,5m,RandomForest,0.5,36,5000,1000,2026-03-19 17:05:00+00:00,2026-04-06 01:40:00+00:00,2026-04-06 01:45:00+00:00,2026-04-09 13:00:00+00:00,0.537,0.35294117647058826,0.49390243902439024,0.41168996188055906,9999.025331518296,-0.009746684817037022,5.025331518296593,10,10,50.0,0,1,9,0,10005.96755605324,0.059675560532396046,7.767556053239286,3,3,66.66666666666666,0,0,3,7,2.742224534942693,0.06942224534943307
BTCUSDT,5m,RandomForest,0.55,36,5000,1000,2026-03-19 17:05:00+00:00,2026-04-06 01:40:00+00:00,2026-04-06 01:45:00+00:00,2026-04-09 13:00:00+00:00,0.537,0.35294117647058826,0.49390243902439024,0.41168996188055906,9999.025331518296,-0.009746684817037022,5.025331518296593,10,10,50.0,0,1,9,0,10000.0,0.0,0.0,0,0,0.0,0,0,0,10,-5.025331518296593,0.009746684817037022
BTCUSDT,5m,RandomForest,0.6,36,5000,1000,2026-03-19 17:05:00+00:00,2026-04-06 01:40:00+00:00,2026-04-06 01:45:00+00:00,2026-04-09 13:00:00+00:00,0.537,0.35294117647058826,0.49390243902439024,0.41168996188055906,9999.025331518296,-0.009746684817037022,5.025331518296593,10,10,50.0,0,1,9,0,10000.0,0.0,0.0,0,0,0.0,0,0,0,10,-5.025331518296593,0.009746684817037022
BTCUSDT,5m,RandomForest,0.65,36,5000,1000,2026-03-19 17:05:00+00:00,2026-04-06 01:40:00+00:00,2026-04-06 01:45:00+00:00,2026-04-09 13:00:00+00:00,0.537,0.35294117647058826,0.49390243902439024,0.41168996188055906,9999.025331518296,-0.009746684817037022,5.025331518296593,10,10,50.0,0,1,9,0,10000.0,0.0,0.0,0,0,0.0,0,0,0,10,-5.025331518296593,0.009746684817037022
BTCUSDT,5m,RandomForest,0.5,37,5000,1000,2026-03-23 04:25:00+00:00,2026-04-09 13:00:00+00:00,2026-04-09 13:05:00+00:00,2026-04-13 00:20:00+00:00,0.635,0.31044776119402984,0.4369747899159664,0.36300174520069806,9981.017670149917,-0.1898232985008326,-11.782329850082636,12,12,25.0,0,0,12,0,9991.08666892064,-0.08913331079360433,-4.113331079359377,8,8,37.5,0,0,8,4,7.668998770723259,0.10068998770722827
BTCUSDT,5m,RandomForest,0.55,37,5000,1000,2026-03-23 04:25:00+00:00,2026-04-09 13:00:00+00:00,2026-04-09 13:05:00+00:00,2026-04-13 00:20:00+00:00,0.635,0.31044776119402984,0.4369747899159664,0.36300174520069806,9981.017670149917,-0.1898232985008326,-11.782329850082636,12,12,25.0,0,0,12,0,9998.67486312318,-0.013251368768196698,-0.7251368768192726,1,1,0.0,0,0,1,11,11.057192973263364,0.1765719297326359
BTCUSDT,5m,RandomForest,0.6,37,5000,1000,2026-03-23 04:25:00+00:00,2026-04-09 13:00:00+00:00,2026-04-09 13:05:00+00:00,2026-04-13 00:20:00+00:00,0.635,0.31044776119402984,0.4369747899159664,0.36300174520069806,9981.017670149917,-0.1898232985008326,-11.782329850082636,12,12,25.0,0,0,12,0,10000.0,0.0,0.0,0,0,0.0,0,0,0,12,11.782329850082636,0.1898232985008326
BTCUSDT,5m,RandomForest,0.65,37,5000,1000,2026-03-23 04:25:00+00:00,2026-04-09 13:00:00+00:00,2026-04-09 13:05:00+00:00,2026-04-13 00:20:00+00:00,0.635,0.31044776119402984,0.4369747899159664,0.36300174520069806,9981.017670149917,-0.1898232985008326,-11.782329850082636,12,12,25.0,0,0,12,0,10000.0,0.0,0.0,0,0,0.0,0,0,0,12,11.782329850082636,0.1898232985008326
BTCUSDT,5m,RandomForest,0.5,38,5000,1000,2026-03-26 15:45:00+00:00,2026-04-13 00:20:00+00:00,2026-04-13 00:25:00+00:00,2026-04-16 11:40:00+00:00,0.53,0.30666666666666664,0.46621621621621623,0.3699731903485255,9996.722067099448,-0.03277932900551604,2.122067099445764,9,9,33.33333333333333,1,2,6,0,10006.535635145869,0.06535635145868582,8.935635145867712,4,4,50.0,1,1,2,5,6.813568046421948,0.09813568046420186
BTCUSDT,5m,RandomForest,0.55,38,5000,1000,2026-03-26 15:45:00+00:00,2026-04-13 00:20:00+00:00,2026-04-13 00:25:00+00:00,2026-04-16 11:40:00+00:00,0.53,0.30666666666666664,0.46621621621621623,0.3699731903485255,9996.722067099448,-0.03277932900551604,2.122067099445764,9,9,33.33333333333333,1,2,6,0,10009.068871333446,0.09068871333445713,10.868871333447029,3,3,66.66666666666666,1,1,1,6,8.746804234001264,0.12346804233997317
BTCUSDT,5m,RandomForest,0.6,38,5000,1000,2026-03-26 15:45:00+00:00,2026-04-13 00:20:00+00:00,2026-04-13 00:25:00+00:00,2026-04-16 11:40:00+00:00,0.53,0.30666666666666664,0.46621621621621623,0.3699731903485255,9996.722067099448,-0.03277932900551604,2.122067099445764,9,9,33.33333333333333,1,2,6,0,9993.655644416562,-0.063443555834383,-5.744355583437972,1,1,0.0,0,1,0,8,-7.866422682883736,-0.030664226828866964
BTCUSDT,5m,RandomForest,0.65,38,5000,1000,2026-03-26 15:45:00+00:00,2026-04-13 00:20:00+00:00,2026-04-13 00:25:00+00:00,2026-04-16 11:40:00+00:00,0.53,0.30666666666666664,0.46621621621621623,0.3699731903485255,9996.722067099448,-0.03277932900551604,2.122067099445764,9,9,33.33333333333333,1,2,6,0,10000.0,0.0,0.0,0,0,0.0,0,0,0,9,-2.122067099445764,0.03277932900551604
BTCUSDT,5m,RandomForest,0.5,39,5000,1000,2026-03-30 03:05:00+00:00,2026-04-16 11:40:00+00:00,2026-04-16 11:45:00+00:00,2026-04-19 23:00:00+00:00,0.552,0.2693156732891832,0.5104602510460251,0.35260115606936415,10019.392521278085,0.1939252127808504,24.79252127808455,9,9,55.55555555555556,1,0,8,0,10020.635842872838,0.20635842872838112,24.23584287283881,6,6,50.0,1,0,5,3,-0.5566784052457407,0.012433215947530718
BTCUSDT,5m,RandomForest,0.55,39,5000,1000,2026-03-30 03:05:00+00:00,2026-04-16 11:40:00+00:00,2026-04-16 11:45:00+00:00,2026-04-19 23:00:00+00:00,0.552,0.2693156732891832,0.5104602510460251,0.35260115606936415,10019.392521278085,0.1939252127808504,24.79252127808455,9,9,55.55555555555556,1,0,8,0,10010.73618385762,0.10736183857619835,12.536183857619395,3,3,33.33333333333333,1,0,2,6,-12.256337420465155,-0.08656337420465204
BTCUSDT,5m,RandomForest,0.6,39,5000,1000,2026-03-30 03:05:00+00:00,2026-04-16 11:40:00+00:00,2026-04-16 11:45:00+00:00,2026-04-19 23:00:00+00:00,0.552,0.2693156732891832,0.5104602510460251,0.35260115606936415,10019.392521278085,0.1939252127808504,24.79252127808455,9,9,55.55555555555556,1,0,8,0,9996.31614741715,-0.03683852582849795,-3.083852582849562,1,1,0.0,0,0,1,8,-27.876373860934113,-0.23076373860934835
BTCUSDT,5m,RandomForest,0.65,39,5000,1000,2026-03-30 03:05:00+00:00,2026-04-16 11:40:00+00:00,2026-04-16 11:45:00+00:00,2026-04-19 23:00:00+00:00,0.552,0.2693156732891832,0.5104602510460251,0.35260115606936415,10019.392521278085,0.1939252127808504,24.79252127808455,9,9,55.55555555555556,1,0,8,0,10000.0,0.0,0.0,0,0,0.0,0,0,0,9,-24.79252127808455,-0.1939252127808504
BTCUSDT,5m,RandomForest,0.5,40,5000,1000,2026-04-02 14:25:00+00:00,2026-04-19 23:00:00+00:00,2026-04-19 23:05:00+00:00,2026-04-23 10:20:00+00:00,0.525,0.3621013133208255,0.5884146341463414,0.44831591173054586,10005.545896671314,0.0554589667131404,10.94589667131249,9,9,55.55555555555556,0,2,7,0,10012.400627203155,0.12400627203154728,15.400627203154494,5,5,80.0,0,1,4,4,4.454730531842005,0.06854730531840689
BTCUSDT,5m,RandomForest,0.55,40,5000,1000,2026-04-02 14:25:00+00:00,2026-04-19 23:00:00+00:00,2026-04-19 23:05:00+00:00,2026-04-23 10:20:00+00:00,0.525,0.3621013133208255,0.5884146341463414,0.44831591173054586,10005.545896671314,0.0554589667131404,10.94589667131249,9,9,55.55555555555556,0,2,7,0,10004.907621691464,0.04907621691463646,6.707621691464505,3,3,66.66666666666666,0,1,2,6,-4.238274979847985,-0.006382749798503937
BTCUSDT,5m,RandomForest,0.6,40,5000,1000,2026-04-02 14:25:00+00:00,2026-04-19 23:00:00+00:00,2026-04-19 23:05:00+00:00,2026-04-23 10:20:00+00:00,0.525,0.3621013133208255,0.5884146341463414,0.44831591173054586,10005.545896671314,0.0554589667131404,10.94589667131249,9,9,55.55555555555556,0,2,7,0,10004.907621691464,0.04907621691463646,6.707621691464505,3,3,66.66666666666666,0,1,2,6,-4.238274979847985,-0.006382749798503937
BTCUSDT,5m,RandomForest,0.65,40,5000,1000,2026-04-02 14:25:00+00:00,2026-04-19 23:00:00+00:00,2026-04-19 23:05:00+00:00,2026-04-23 10:20:00+00:00,0.525,0.3621013133208255,0.5884146341463414,0.44831591173054586,10005.545896671314,0.0554589667131404,10.94589667131249,9,9,55.55555555555556,0,2,7,0,10002.617530730184,0.026175307301837165,3.8175307301838295,2,2,50.0,0,1,1,7,-7.12836594112866,-0.029283659411303235
BTCUSDT,5m,RandomForest,0.5,41,5000,1000,2026-04-06 01:45:00+00:00,2026-04-23 10:20:00+00:00,2026-04-23 10:25:00+00:00,2026-04-26 21:40:00+00:00,0.741,0.2765957446808511,0.29714285714285715,0.2865013774104683,9986.931134076414,-0.1306886592358569,-4.068865923583437,15,15,33.33333333333333,0,2,13,0,9999.077502648826,-0.009224973511736607,1.4775026488273038,4,4,50.0,0,1,3,11,5.54636857241074,0.1214636857241203
BTCUSDT,5m,RandomForest,0.55,41,5000,1000,2026-04-06 01:45:00+00:00,2026-04-23 10:20:00+00:00,2026-04-23 10:25:00+00:00,2026-04-26 21:40:00+00:00,0.741,0.2765957446808511,0.29714285714285715,0.2865013774104683,9986.931134076414,-0.1306886592358569,-4.068865923583437,15,15,33.33333333333333,0,2,13,0,9999.151453977083,-0.008485460229167074,0.3514539770837217,2,2,50.0,0,1,1,13,4.420319900667159,0.12220319900668983
BTCUSDT,5m,RandomForest,0.6,41,5000,1000,2026-04-06 01:45:00+00:00,2026-04-23 10:20:00+00:00,2026-04-23 10:25:00+00:00,2026-04-26 21:40:00+00:00,0.741,0.2765957446808511,0.29714285714285715,0.2865013774104683,9986.931134076414,-0.1306886592358569,-4.068865923583437,15,15,33.33333333333333,0,2,13,0,10000.0,0.0,0.0,0,0,0.0,0,0,0,15,4.068865923583437,0.1306886592358569
BTCUSDT,5m,RandomForest,0.65,41,5000,1000,2026-04-06 01:45:00+00:00,2026-04-23 10:20:00+00:00,2026-04-23 10:25:00+00:00,2026-04-26 21:40:00+00:00,0.741,0.2765957446808511,0.29714285714285715,0.2865013774104683,9986.931134076414,-0.1306886592358569,-4.068865923583437,15,15,33.33333333333333,0,2,13,0,10000.0,0.0,0.0,0,0,0.0,0,0,0,15,4.068865923583437,0.1306886592358569
BTCUSDT,5m,RandomForest,0.5,42,5000,1000,2026-04-09 13:05:00+00:00,2026-04-26 21:40:00+00:00,2026-04-26 21:45:00+00:00,2026-04-30 09:00:00+00:00,0.512,0.22795698924731184,0.451063829787234,0.3028571428571429,9981.622644630606,-0.18377355369393625,-12.9773553693932,9,9,22.22222222222222,0,1,8,0,9983.539146567393,-0.1646085343260711,-11.660853432607466,8,8,25.0,0,1,7,1,1.316501936785734,0.01916501936786516
BTCUSDT,5m,RandomForest,0.55,42,5000,1000,2026-04-09 13:05:00+00:00,2026-04-26 21:40:00+00:00,2026-04-26 21:45:00+00:00,2026-04-30 09:00:00+00:00,0.512,0.22795698924731184,0.451063829787234,0.3028571428571429,9981.622644630606,-0.18377355369393625,-12.9773553693932,9,9,22.22222222222222,0,1,8,0,9997.479304310946,-0.025206956890542642,-0.120695689055349,4,4,50.0,0,0,4,5,12.85665968033785,0.1585665968033936
BTCUSDT,5m,RandomForest,0.6,42,5000,1000,2026-04-09 13:05:00+00:00,2026-04-26 21:40:00+00:00,2026-04-26 21:45:00+00:00,2026-04-30 09:00:00+00:00,0.512,0.22795698924731184,0.451063829787234,0.3028571428571429,9981.622644630606,-0.18377355369393625,-12.9773553693932,9,9,22.22222222222222,0,1,8,0,9995.100994215198,-0.048990057848022836,-3.0990057848024604,3,3,33.33333333333333,0,0,3,6,9.87834958459074,0.13478349584591343
BTCUSDT,5m,RandomForest,0.65,42,5000,1000,2026-04-09 13:05:00+00:00,2026-04-26 21:40:00+00:00,2026-04-26 21:45:00+00:00,2026-04-30 09:00:00+00:00,0.512,0.22795698924731184,0.451063829787234,0.3028571428571429,9981.622644630606,-0.18377355369393625,-12.9773553693932,9,9,22.22222222222222,0,1,8,0,10000.0,0.0,0.0,0,0,0.0,0,0,0,9,12.9773553693932,0.18377355369393625
BTCUSDT,5m,RandomForest,0.5,43,5000,1000,2026-04-13 00:25:00+00:00,2026-04-30 09:00:00+00:00,2026-04-30 09:05:00+00:00,2026-05-03 20:20:00+00:00,0.705,0.23557692307692307,0.2648648648648649,0.24936386768447838,10003.268266755393,0.03268266755392688,9.268266755393023,10,10,30.0,1,0,9,0,10014.506961556484,0.14506961556484385,16.906961556483385,4,4,50.0,1,0,3,6,7.638694801090361,0.11238694801091698
BTCUSDT,5m,RandomForest,0.55,43,5000,1000,2026-04-13 00:25:00+00:00,2026-04-30 09:00:00+00:00,2026-04-30 09:05:00+00:00,2026-05-03 20:20:00+00:00,0.705,0.23557692307692307,0.2648648648648649,0.24936386768447838,10003.268266755393,0.03268266755392688,9.268266755393023,10,10,30.0,1,0,9,0,9998.430033307308,-0.015699666926921055,-0.9699666926929453,1,1,0.0,0,0,1,9,-10.23823344808597,-0.04838233448084794
BTCUSDT,5m,RandomForest,0.6,43,5000,1000,2026-04-13 00:25:00+00:00,2026-04-30 09:00:00+00:00,2026-04-30 09:05:00+00:00,2026-05-03 20:20:00+00:00,0.705,0.23557692307692307,0.2648648648648649,0.24936386768447838,10003.268266755393,0.03268266755392688,9.268266755393023,10,10,30.0,1,0,9,0,10000.0,0.0,0.0,0,0,0.0,0,0,0,10,-9.268266755393023,-0.03268266755392688
BTCUSDT,5m,RandomForest,0.65,43,5000,1000,2026-04-13 00:25:00+00:00,2026-04-30 09:00:00+00:00,2026-04-30 09:05:00+00:00,2026-05-03 20:20:00+00:00,0.705,0.23557692307692307,0.2648648648648649,0.24936386768447838,10003.268266755393,0.03268266755392688,9.268266755393023,10,10,30.0,1,0,9,0,10000.0,0.0,0.0,0,0,0.0,0,0,0,10,-9.268266755393023,-0.03268266755392688
BTCUSDT,5m,RandomForest,0.5,44,5000,1000,2026-04-16 11:45:00+00:00,2026-05-03 20:20:00+00:00,2026-05-03 20:25:00+00:00,2026-05-07 07:40:00+00:00,0.501,0.3130081300813008,0.4888888888888889,0.38166047087980176,10023.722364139297,0.23722364139297497,29.722364139297127,10,10,60.0,2,2,5,0,10013.859096732733,0.13859096732732723,18.05909673273248,7,7,42.857142857142854,2,2,2,3,-11.663267406564646,-0.09863267406564774
BTCUSDT,5m,RandomForest,0.55,44,5000,1000,2026-04-16 11:45:00+00:00,2026-05-03 20:20:00+00:00,2026-05-03 20:25:00+00:00,2026-05-07 07:40:00+00:00,0.501,0.3130081300813008,0.4888888888888889,0.38166047087980176,10023.722364139297,0.23722364139297497,29.722364139297127,10,10,60.0,2,2,5,0,10026.66695630248,0.2666695630248068,29.066956302481085,4,4,75.0,2,1,0,6,-0.6554078368160425,0.02944592163183185
BTCUSDT,5m,RandomForest,0.6,44,5000,1000,2026-04-16 11:45:00+00:00,2026-05-03 20:20:00+00:00,2026-05-03 20:25:00+00:00,2026-05-07 07:40:00+00:00,0.501,0.3130081300813008,0.4888888888888889,0.38166047087980176,10023.722364139297,0.23722364139297497,29.722364139297127,10,10,60.0,2,2,5,0,10000.0,0.0,0.0,0,0,0.0,0,0,0,10,-29.722364139297127,-0.23722364139297497
BTCUSDT,5m,RandomForest,0.65,44,5000,1000,2026-04-16 11:45:00+00:00,2026-05-03 20:20:00+00:00,2026-05-03 20:25:00+00:00,2026-05-07 07:40:00+00:00,0.501,0.3130081300813008,0.4888888888888889,0.38166047087980176,10023.722364139297,0.23722364139297497,29.722364139297127,10,10,60.0,2,2,5,0,10000.0,0.0,0.0,0,0,0.0,0,0,0,10,-29.722364139297127,-0.23722364139297497
